bus_stop_code,route_id,bus_id,meters_distance,min_arrival_time,max_arrival_time,date,X,Y
PG788,G24,FLXC-90,480,0,3,2025-10-13 20:00:03.790609,344817.693,6283153.2
PG788,G07,THTF-67,534,0,3,2025-10-13 20:00:03.790617,344817.693,6283153.2
PI1352,106,PFVC-45,2622,7,9,2025-10-13 20:00:05.891440,336790.811,6290317.593
PI1352,401,PDYH-96,4355,12,16,2025-10-13 20:00:05.891446,336790.811,6290317.593
PI1352,405,PFYG-61,1411,0,4,2025-10-13 20:00:05.891447,336790.811,6290317.593
PD68,104,SKVD-69,179,0,3,2025-10-13 20:00:07.835513,351399.629,6293796.942
PD68,104,SKVD-68,901,0,5,2025-10-13 20:00:07.835518,351399.629,6293796.942
PD68,106,PFYT-25,322,0,3,2025-10-13 20:00:07.835519,351399.629,6293796.942
PD68,106,PGPT-49,1576,0,5,2025-10-13 20:00:07.835520,351399.629,6293796.942
PD68,224,LZRD-70,1376,5,7,2025-10-13 20:00:07.835521,351399.629,6293796.942
PD68,224,VFPZ-97,3207,12,16,2025-10-13 20:00:07.835522,351399.629,6293796.942
PD68,212,LZRB-82,1586,6,8,2025-10-13 20:00:07.835523,351399.629,6293796.942
PD68,212,SDGY-17,2918,10,14,2025-10-13 20:00:07.835523,351399.629,6293796.942
PD68,126,FLXK-58,248,0,3,2025-10-13 20:00:07.835524,351399.629,6293796.942
PD68,126,BJFT-80,4158,14,20,2025-10-13 20:00:07.835525,351399.629,6293796.942
PC106,C07,LDTC-10,649,0,5,2025-10-13 20:00:09.703363,354421.221,6301671.366
PC106,C07,SKPJ-86,752,0,5,2025-10-13 20:00:09.703368,354421.221,6301671.366
PC106,216,LZRB-85,664,0,5,2025-10-13 20:00:09.703370,354421.221,6301671.366
PC106,216,SRTK-35,2293,11,15,2025-10-13 20:00:09.703371,354421.221,6301671.366
PD581,507C,GCBC-36,1946,5,7,2025-10-13 20:00:11.728463,351026.513,6296178.689
PD581,507C,TBFT-33,4116,10,14,2025-10-13 20:00:11.728469,351026.513,6296178.689
PD581,510,GCBF-35,343,0,3,2025-10-13 20:00:11.728470,351026.513,6296178.689
PD581,510,TBFX-43,5447,12,16,2025-10-13 20:00:11.728472,351026.513,6296178.689
PD581,516,GCBD-53,1879,4,6,2025-10-13 20:00:11.728473,351026.513,6296178.689
PD581,516,TBFW-12,5609,15,21,2025-10-13 20:00:11.728474,351026.513,6296178.689
PD581,519,RKXL-32,2501,7,9,2025-10-13 20:00:11.728476,351026.513,6296178.689
PD581,519,TBFW-65,4509,11,15,2025-10-13 20:00:11.728477,351026.513,6296178.689
PD581,506,GCBC-61,487,0,3,2025-10-13 20:00:11.728478,351026.513,6296178.689
PD581,506,FLXV-78,3341,8,12,2025-10-13 20:00:11.728479,351026.513,6296178.689
PD581,506V,FLXV-76,1076,0,4,2025-10-13 20:00:11.728481,351026.513,6296178.689
PD581,506V,FLXW-33,6561,15,21,2025-10-13 20:00:11.728482,351026.513,6296178.689
PD581,507,FLXV-50,1897,5,7,2025-10-13 20:00:11.728494,351026.513,6296178.689
PD581,507,TBFP-76,3250,8,10,2025-10-13 20:00:11.728495,351026.513,6296178.689
PE552,323,FLXR-44,929,0,4,2025-10-13 20:00:13.117885,354525.492,6288255.362
PJ370,503,VHLP-48,1,0,3,2025-10-13 20:00:15.035452,336964.942,6297907.832
PJ370,503,LZPH-11,765,0,4,2025-10-13 20:00:15.035457,336964.942,6297907.832
PD896,D16,SPBG-22,687,0,3,2025-10-13 20:00:16.436059,352035.277,6292127.738
PD896,D16,SPBS-40,4822,14,20,2025-10-13 20:00:16.436064,352035.277,6292127.738
PD896,325,VFJP-21,459,0,3,2025-10-13 20:00:16.436065,352035.277,6292127.738
PD896,325,VFKS-68,6660,25,60,2025-10-13 20:00:16.436066,352035.277,6292127.738
PE57,E17,FLXT-30,1235,0,5,2025-10-13 20:00:18.091010,354258.706,6290626.824
PG31,201E,VFHV-57,1440,0,5,2025-10-13 20:00:20.147143,341617.81,6281314.19
PG31,201E,VFHL-39,1980,5,7,2025-10-13 20:00:20.147148,341617.81,6281314.19
PG31,G02,FLXP-19,4609,13,19,2025-10-13 20:00:20.147149,341617.81,6281314.19
PG31,G28,BJFS-41,875,0,5,2025-10-13 20:00:20.147150,341617.81,6281314.19
PG31,G28,BJFX-29,883,0,5,2025-10-13 20:00:20.147151,341617.81,6281314.19
PG31,211C,THTG-55,123,0,3,2025-10-13 20:00:20.147152,341617.81,6281314.19
PG31,211C,THTD-62,923,0,3,2025-10-13 20:00:20.147153,341617.81,6281314.19
PG31,G09,SCRZ-10,1282,8,10,2025-10-13 20:00:20.147155,341617.81,6281314.19
PG31,G09,FLXK-21,2230,10,14,2025-10-13 20:00:20.147155,341617.81,6281314.19
PG31,F03,SPVT-89,1259,7,9,2025-10-13 20:00:20.147157,341617.81,6281314.19
PG31,211,TBYY-64,1573,5,7,2025-10-13 20:00:20.147158,341617.81,6281314.19
PG31,211,TBYY-71,4009,12,16,2025-10-13 20:00:20.147158,341617.81,6281314.19
PG31,G14,FLXX-33,2237,5,7,2025-10-13 20:00:20.147160,341617.81,6281314.19
PG31,271,FLXP-32,2893,8,10,2025-10-13 20:00:20.147161,341617.81,6281314.19
PG31,271,FLXP-31,4938,12,16,2025-10-13 20:00:20.147162,341617.81,6281314.19
PG31,G27,THTH-15,1147,0,3,2025-10-13 20:00:20.147163,341617.81,6281314.19
PG31,G07,THTD-46,4926,19,27,2025-10-13 20:00:20.147164,341617.81,6281314.19
PG31,G07,THTF-67,5915,25,60,2025-10-13 20:00:20.147165,341617.81,6281314.19
PG31,201,GCBB-79,2025,4,6,2025-10-13 20:00:20.147166,341617.81,6281314.19
PG31,201,GCBB-47,2966,7,9,2025-10-13 20:00:20.147167,341617.81,6281314.19
PI1921,I35,SFGY-21,2689,10,14,2025-10-13 20:00:21.668569,331629.0,6283895.0
PI1921,I35,SDSW-49,4371,16,22,2025-10-13 20:00:21.668575,331629.0,6283895.0
PJ260,513,LXWR-77,1,0,3,2025-10-13 20:00:23.401769,336972.868,6301175.361
PJ260,513,VHZX-30,196,0,3,2025-10-13 20:00:23.401774,336972.868,6301175.361
PJ260,511,BJFF-48,2348,8,10,2025-10-13 20:00:23.401776,336972.868,6301175.361
PJ260,J15C,TBFR-41,1323,0,5,2025-10-13 20:00:23.401777,336972.868,6301175.361
PG678,G01,THTD-37,140,0,3,2025-10-13 20:00:24.803134,344373.549,6287819.314
PG678,G01,THTG-83,457,0,3,2025-10-13 20:00:24.803138,344373.549,6287819.314
PG678,G01C,THTD-45,699,0,3,2025-10-13 20:00:24.803140,344373.549,6287819.314
PG678,G01C,THTF-53,4238,13,19,2025-10-13 20:00:24.803140,344373.549,6287819.314
PJ477,408,LXWS-38,3052,6,8,2025-10-13 20:00:26.694548,336896.42,6300545.934
PJ477,408,LXWR-82,4379,9,13,2025-10-13 20:00:26.694552,336896.42,6300545.934
PJ477,J05,FLXG-46,105,0,3,2025-10-13 20:00:26.694553,336896.42,6300545.934
PJ477,J05,GCBC-72,2769,9,13,2025-10-13 20:00:26.694554,336896.42,6300545.934
PB1936,B11,SKDJ-86,710,0,3,2025-10-13 20:00:28.837790,337469.263,6307174.219
PB1936,308C,TWPC-64,54,0,3,2025-10-13 20:00:28.837796,337469.263,6307174.219
PD432,D02,SPZK-84,518,0,3,2025-10-13 20:00:30.846524,353104.99,6296713.12
PD432,D02,SVDF-76,3126,12,16,2025-10-13 20:00:30.846529,353104.99,6296713.12
PJ1996,J16,TBFW-92,1,0,3,2025-10-13 20:00:32.694573,338842.9,6301474.1
PC1297,C27,SGPW-53,1481,0,4,2025-10-13 20:00:34.650337,360070.0,6304563.0
PG563,F06,SPZX-67,308,0,3,2025-10-13 20:00:36.217864,345027.461,6285949.923
PG563,F06,SPZY-37,2009,8,12,2025-10-13 20:00:36.217869,345027.461,6285949.923
PB923,B06,SKDH-63,1219,0,4,2025-10-13 20:00:39.532163,345857.692,6304859.655
PB923,B25,FLXS-53,4499,13,19,2025-10-13 20:00:39.532169,345857.692,6304859.655
PB923,B25,FLXS-43,12762,25,60,2025-10-13 20:00:39.532170,345857.692,6304859.655
PG1261,G15,THTF-31,1328,0,3,2025-10-13 20:00:41.125694,347680.238,6284937.462
PF23,F20,SPZX-57,4211,16,22,2025-10-13 20:00:42.495604,354486.916,6282678.247
PF23,F25,SRVJ-78,6009,16,22,2025-10-13 20:00:42.495609,354486.916,6282678.247
PF23,F25,SRVF-84,8086,21,29,2025-10-13 20:00:42.495610,354486.916,6282678.247
PF23,712,FLXS-40,546,0,3,2025-10-13 20:00:42.495611,354486.916,6282678.247
PF23,712,SHCX-32,1619,4,6,2025-10-13 20:00:42.495611,354486.916,6282678.247
PF23,F10,SRRX-13,1,0,3,2025-10-13 20:00:42.495612,354486.916,6282678.247
PF23,F10,SRPK-24,1447,5,7,2025-10-13 20:00:42.495614,354486.916,6282678.247
PF23,226,VGKY-42,1723,0,5,2025-10-13 20:00:42.495615,354486.916,6282678.247
PF23,226,VFPZ-27,2461,7,9,2025-10-13 20:00:42.495616,354486.916,6282678.247
PD886,D05,FLXX-35,18,0,3,2025-10-13 20:00:44.576750,355013.274,6293807.15
PD886,D05,SPBL-88,1425,9,13,2025-10-13 20:00:44.576756,355013.274,6293807.15
PD886,D07,SVDD-92,2128,5,7,2025-10-13 20:00:44.576757,355013.274,6293807.15
PD886,D07,STRJ-56,4193,12,16,2025-10-13 20:00:44.576759,355013.274,6293807.15
PD886,D10,STWB-27,1470,5,7,2025-10-13 20:00:44.576760,355013.274,6293807.15
PD886,D10,SVDD-35,2454,8,10,2025-10-13 20:00:44.576761,355013.274,6293807.15
PB2014,B38,TBFT-98,916,0,5,2025-10-13 20:00:46.583837,341695.943,6302760.401
PB2014,B28,SJTD-62,3327,15,21,2025-10-13 20:00:46.583842,341695.943,6302760.401
PB2014,B28,LDJW-31,3430,16,22,2025-10-13 20:00:46.583843,341695.943,6302760.401
PB2014,107,PGBY-45,5344,13,19,2025-10-13 20:00:46.583844,341695.943,6302760.401
PB2014,107,PGTC-60,6270,17,23,2025-10-13 20:00:46.583845,341695.943,6302760.401
PB2014,107C,PFYC-24,638,6,8,2025-10-13 20:00:46.583846,341695.943,6302760.401
PB2014,101,PFYR-96,4072,13,19,2025-10-13 20:00:46.583847,341695.943,6302760.401
PB2014,101,PFVC-40,4368,14,20,2025-10-13 20:00:46.583848,341695.943,6302760.401
PI1805,I04,FLXY-40,466,0,3,2025-10-13 20:00:48.597277,335975.26,6287162.09
PI1805,I04,FLXF-89,533,0,3,2025-10-13 20:00:48.597281,335975.26,6287162.09
PI1805,I04C,FLXY-36,241,0,3,2025-10-13 20:00:48.597283,335975.26,6287162.09
PI1805,I04C,FLXF-61,1310,0,5,2025-10-13 20:00:48.597284,335975.26,6287162.09
PC1022,D16,SPBL-67,3133,9,11,2025-10-13 20:00:50.477899,352591.709,6299631.632
PC1022,D16,SPBS-66,3338,10,14,2025-10-13 20:00:50.477904,352591.709,6299631.632
PI1003,348,VHSZ-38,2148,8,10,2025-10-13 20:00:52.414168,333127.159,6290001.262
PI1003,348,VHSX-69,3127,11,15,2025-10-13 20:00:52.414173,333127.159,6290001.262
PI1003,I02,FLXZ-55,4607,11,15,2025-10-13 20:00:52.414175,333127.159,6290001.262
PI1003,I02,FLXZ-44,5542,14,20,2025-10-13 20:00:52.414175,333127.159,6290001.262
PJ718,J05,FLXG-43,1789,4,6,2025-10-13 20:00:54.027591,336519.166,6300402.687
PJ718,J04,BJFD-73,558,0,3,2025-10-13 20:00:54.027597,336519.166,6300402.687
PI1180,I16,FLXG-62,139,0,3,2025-10-13 20:00:55.533620,343799.316,6296796.833
PI1180,I16,FLXK-45,2819,12,18,2025-10-13 20:00:55.533625,343799.316,6296796.833
PG1775,G11,THTD-88,13152,25,60,2025-10-13 20:00:59.367262,347225.715,6287750.934
PG1775,G11,THTF-27,13347,25,60,2025-10-13 20:00:59.367267,347225.715,6287750.934
PC440,C16,LDTG-55,1929,5,7,2025-10-13 20:01:01.191625,359630.554,6307529.655
PC440,C16,LWTK-63,3559,9,13,2025-10-13 20:01:01.191629,359630.554,6307529.655
PC440,430,SKPJ-46,171,0,3,2025-10-13 20:01:01.191630,359630.554,6307529.655
PC440,426,FLXD-30,631,0,3,2025-10-13 20:01:01.191656,359630.554,6307529.655
PI552,I13,FLXY-15,1370,5,7,2025-10-13 20:01:02.621476,341803.338,6296028.29
PI552,506,TBFW-62,1184,0,5,2025-10-13 20:01:02.621481,341803.338,6296028.29
PI552,506,PFXC-22,1267,4,6,2025-10-13 20:01:02.621482,341803.338,6296028.29
PI552,506V,TBFW-90,1662,7,9,2025-10-13 20:01:02.621483,341803.338,6296028.29
PI552,506V,GCBD-75,2665,9,13,2025-10-13 20:01:02.621483,341803.338,6296028.29
PI552,509,FLXS-98,844,0,4,2025-10-13 20:01:02.621484,341803.338,6296028.29
PI552,509,FLXW-53,1447,5,7,2025-10-13 20:01:02.621485,341803.338,6296028.29
PC883,C11,SHCV-73,351,0,3,2025-10-13 20:01:04.468895,355820.959,6304798.423
PC883,C11,SHCX-40,5189,15,21,2025-10-13 20:01:04.468900,355820.959,6304798.423
PI1118,I12,FLXL-76,332,0,3,2025-10-13 20:01:06.348892,339229.12,6289488.753
PF1097,F27,SPRY-93,2657,7,9,2025-10-13 20:01:08.168471,356506.26,6284049.15
PF1097,F27,SPRZ-29,4061,11,15,2025-10-13 20:01:08.168476,356506.26,6284049.15
PJ2003,555,TBFX-66,129,0,3,2025-10-13 20:01:10.075609,340535.01,6296708.01
PJ2003,555,TBFX-63,1026,5,7,2025-10-13 20:01:10.075615,340535.01,6296708.01
PB809,B03,SKHG-82,363,0,3,2025-10-13 20:01:11.689285,343800.431,6301584.632
PB809,B24,LDJV-50,1852,4,6,2025-10-13 20:01:11.689290,343800.431,6301584.632
PB809,B24,STHF-35,5117,13,17,2025-10-13 20:01:11.689291,343800.431,6301584.632
PD1638,D17V,PGBY-41,4493,10,14,2025-10-13 20:01:13.273087,356899.0,6293116.0
PD1638,D17V,PGBY-86,8317,25,60,2025-10-13 20:01:13.273096,356899.0,6293116.0
PI1842,I17,BJFZ-54,1439,6,8,2025-10-13 20:01:15.059934,342608.75,6295941.53
PI1842,I16,FLXL-80,230,0,3,2025-10-13 20:01:15.059940,342608.75,6295941.53
PI1842,I16,FLXL-69,2791,8,12,2025-10-13 20:01:15.059941,342608.75,6295941.53
PF1145,F03,SPVW-76,966,0,4,2025-10-13 20:01:16.449866,352375.09,6279240.4
PF1145,F03,FLXT-49,2501,9,13,2025-10-13 20:01:16.449871,352375.09,6279240.4
PF1145,213E,LBTS-89,1966,6,8,2025-10-13 20:01:16.449873,352375.09,6279240.4
PF1145,213E,LCPG-44,2282,7,9,2025-10-13 20:01:16.449874,352375.09,6279240.4
PJ1684,510,FLXV-65,598,0,3,2025-10-13 20:01:18.344158,337058.619,6295793.398
PJ1684,516,TBFW-60,8,0,3,2025-10-13 20:01:18.344164,337058.619,6295793.398
PI1268,I16,FLXL-69,1765,7,9,2025-10-13 20:01:20.180372,342775.443,6296561.155
PI1268,I17,BJFZ-54,399,0,3,2025-10-13 20:01:20.180378,342775.443,6296561.155
PB1947,B42,FLXJ-99,1,0,3,2025-10-13 20:01:21.733770,342581.45,6307559.99
PB1947,B42,FLXT-14,6756,16,22,2025-10-13 20:01:21.733775,342581.45,6307559.99
PB1947,B33,SHXF-43,2734,0,5,2025-10-13 20:01:21.733776,342581.45,6307559.99
PB1947,B33,SHXD-94,4081,6,8,2025-10-13 20:01:21.733777,342581.45,6307559.99
PF787,F16,SPRX-20,1731,5,7,2025-10-13 20:01:23.269969,352826.38,6279296.922
PI23,109,FLXC-45,3034,8,10,2025-10-13 20:01:24.701849,340854.59,6291371.534
PI23,109,TBFX-36,3113,8,10,2025-10-13 20:01:24.701855,340854.59,6291371.534
PI23,108,PFVD-61,2872,6,8,2025-10-13 20:01:24.701856,340854.59,6291371.534
PI23,108,PFVC-47,3077,7,9,2025-10-13 20:01:24.701857,340854.59,6291371.534
PI23,113,FLXW-75,5488,13,19,2025-10-13 20:01:24.701858,340854.59,6291371.534
PI23,113,FLXX-61,6586,17,25,2025-10-13 20:01:24.701859,340854.59,6291371.534
PI23,113C,FLXY-21,387,0,3,2025-10-13 20:01:24.701860,340854.59,6291371.534
PI23,115,TBFR-22,269,0,3,2025-10-13 20:01:24.701861,340854.59,6291371.534
PI23,115,PFXC-19,732,0,3,2025-10-13 20:01:24.701863,340854.59,6291371.534
PI23,115C,PFWZ-86,2706,5,7,2025-10-13 20:01:24.701864,340854.59,6291371.534
PI23,115C,GCBC-64,7764,17,25,2025-10-13 20:01:24.701865,340854.59,6291371.534
PG1330,G18,SHXB-11,1063,0,5,2025-10-13 20:01:26.649676,347864.201,6288483.816
PB1354,B41,GCBB-74,334,0,3,2025-10-13 20:01:29.452256,345474.692,6305519.586
PB1354,B19,SHCX-61,2438,5,7,2025-10-13 20:01:29.452261,345474.692,6305519.586
PB1354,B19,SHXF-37,7749,18,26,2025-10-13 20:01:29.452263,345474.692,6305519.586
PI682,I18,VHTB-59,1936,0,5,2025-10-13 20:01:31.157285,340680.159,6292862.729
PI682,I18,FLXY-75,7593,17,23,2025-10-13 20:01:31.157290,340680.159,6292862.729
PI682,I25,FLXK-79,3511,9,11,2025-10-13 20:01:31.157291,340680.159,6292862.729
PI682,I25,FLXF-38,4097,12,16,2025-10-13 20:01:31.157292,340680.159,6292862.729
PI682,I01,VHSX-86,1214,0,4,2025-10-13 20:01:31.157293,340680.159,6292862.729
PI682,I01,FLXL-64,7248,18,26,2025-10-13 20:01:31.157294,340680.159,6292862.729
PC677,C03,FLXS-23,1395,5,7,2025-10-13 20:01:32.519816,356928.73,6301468.327
PC677,C13,SGPW-48,24,0,3,2025-10-13 20:01:32.519821,356928.73,6301468.327
PC677,C16,LDTF-44,1,0,3,2025-10-13 20:01:32.519823,356928.73,6301468.327
PC677,C16,LFGP-20,481,0,3,2025-10-13 20:01:32.519824,356928.73,6301468.327
PJ676,J02,VHXJ-10,7338,18,26,2025-10-13 20:01:34.473982,337438.389,6298959.594
PJ676,J02,VHXD-95,9168,25,60,2025-10-13 20:01:34.473987,337438.389,6298959.594
PJ676,J18,VHZW-70,274,0,3,2025-10-13 20:01:34.473989,337438.389,6298959.594
PJ676,J18,VHZY-40,2452,7,9,2025-10-13 20:01:34.473990,337438.389,6298959.594
PJ676,J18C,VJJX-58,1362,0,4,2025-10-13 20:01:34.473991,337438.389,6298959.594
PB1450,B22,SPCG-55,3637,11,15,2025-10-13 20:01:36.357884,344808.731,6305349.332
PB1450,B22,SKPS-47,4737,13,19,2025-10-13 20:01:36.357889,344808.731,6305349.332
PB1450,B27,FLXT-74,52,0,3,2025-10-13 20:01:36.357890,344808.731,6305349.332
PB1450,B27,FLXT-89,2594,9,13,2025-10-13 20:01:36.357891,344808.731,6305349.332
PC658,C03,LWTK-44,5182,13,17,2025-10-13 20:01:38.281890,355820.609,6304840.673
PC658,C03,SGPY-57,6940,17,25,2025-10-13 20:01:38.281895,355820.609,6304840.673
PC658,C11,LDTB-41,1081,0,3,2025-10-13 20:01:38.281897,355820.609,6304840.673
PC658,C11,SPCG-46,1903,5,7,2025-10-13 20:01:38.281898,355820.609,6304840.673
PC658,435,SLLZ-26,3071,7,9,2025-10-13 20:01:38.281899,355820.609,6304840.673
PC658,435,SLPB-73,4545,10,14,2025-10-13 20:01:38.281900,355820.609,6304840.673
PC923,C13,SJPB-27,2185,0,5,2025-10-13 20:01:40.121861,359954.5,6309860.577
PC923,C13,SJPB-67,7691,20,28,2025-10-13 20:01:40.121866,359954.5,6309860.577
PD651,511,TBFV-19,7904,20,28,2025-10-13 20:01:41.697301,350001.344,6295717.612
PD651,511,GCBC-49,8027,21,29,2025-10-13 20:01:41.697306,350001.344,6295717.612
PD651,D05,SPBF-88,840,0,3,2025-10-13 20:01:41.697307,350001.344,6295717.612
PD651,D05,SPBL-63,3056,10,14,2025-10-13 20:01:41.697308,350001.344,6295717.612
PG1194,G14,CJRP-12,183,0,3,2025-10-13 20:01:46.577864,342766.452,6283622.093
PG1194,G14,CJRP-31,1099,4,6,2025-10-13 20:01:46.577870,342766.452,6283622.093
PG1194,G23,SFVZ-85,464,0,3,2025-10-13 20:01:46.577871,342766.452,6283622.093
PG1194,G23,SFWZ-91,4952,13,19,2025-10-13 20:01:46.577872,342766.452,6283622.093
PG1194,G43,FLXP-16,1521,11,15,2025-10-13 20:01:46.577873,342766.452,6283622.093
PG1194,G43,FLXD-20,1621,11,15,2025-10-13 20:01:46.577874,342766.452,6283622.093
PG1194,G39,SFGY-87,141,0,3,2025-10-13 20:01:46.577875,342766.452,6283622.093
PG1194,G39,SHXB-28,1207,4,6,2025-10-13 20:01:46.577876,342766.452,6283622.093
PJ1708,507,PFXC-11,53,0,3,2025-10-13 20:01:51.112616,336265.58,6299888.72
PJ1708,507,GCBD-33,1001,5,7,2025-10-13 20:01:51.112621,336265.58,6299888.72
PB1197,B12,SKDJ-14,6089,15,21,2025-10-13 20:01:53.040380,342082.642,6310278.37
PB1197,B12,SKDH-69,7315,19,27,2025-10-13 20:01:53.040384,342082.642,6310278.37
PB1197,B33,TPWW-72,671,0,3,2025-10-13 20:01:53.040385,342082.642,6310278.37
PB1197,B33,SHXF-41,3584,14,20,2025-10-13 20:01:53.040386,342082.642,6310278.37
PH10,107,SKWD-90,790,0,3,2025-10-13 20:01:55.772292,345986.333,6291756.594
PH10,107,PGBY-53,2146,7,9,2025-10-13 20:01:55.772297,345986.333,6291756.594
PH10,108,PFTW-69,5907,14,20,2025-10-13 20:01:55.772298,345986.333,6291756.594
PH10,108,PFYS-94,11412,25,60,2025-10-13 20:01:55.772299,345986.333,6291756.594
PH10,102,LBTT-22,4298,13,17,2025-10-13 20:01:55.772300,345986.333,6291756.594
PH10,102,SPZY-45,7596,25,60,2025-10-13 20:01:55.772301,345986.333,6291756.594
PB907,B08,SJPB-20,763,0,3,2025-10-13 20:01:57.726759,344530.468,6306389.236
PB907,B16,STHR-80,1,0,3,2025-10-13 20:01:57.726764,344530.468,6306389.236
PB907,B16,STHC-45,1933,7,9,2025-10-13 20:01:57.726766,344530.468,6306389.236
PB907,B05,SPCG-44,1944,6,8,2025-10-13 20:01:57.726767,344530.468,6306389.236
PG44,211,FLXD-11,1258,0,5,2025-10-13 20:01:59.689759,342748.83,6283160.04
PG44,211,TBYY-66,3673,11,15,2025-10-13 20:01:59.689764,342748.83,6283160.04
PG44,211C,THTC-29,1337,0,5,2025-10-13 20:01:59.689765,342748.83,6283160.04
PG44,211C,THTD-82,5280,17,25,2025-10-13 20:01:59.689766,342748.83,6283160.04
PI1884,I35,SFGY-21,1756,6,8,2025-10-13 20:02:01.546958,332024.0,6283613.0
PI1884,I35,SDSW-49,3260,11,15,2025-10-13 20:02:01.546963,332024.0,6283613.0
PD634,325,VFJL-87,926,0,4,2025-10-13 20:02:03.500114,352235.804,6293231.17
PD634,325,VFJP-24,5850,16,24,2025-10-13 20:02:03.500119,352235.804,6293231.17
PD634,508,PFXB-39,834,0,3,2025-10-13 20:02:03.500120,352235.804,6293231.17
PD634,508,FLXW-61,965,0,4,2025-10-13 20:02:03.500121,352235.804,6293231.17
PF25,F10,SRRX-13,131,0,3,2025-10-13 20:02:05.467367,354397.976,6283267.64
PF25,F10,SRPK-24,1701,5,7,2025-10-13 20:02:05.467372,354397.976,6283267.64
PF25,F20,SPZY-75,1,0,3,2025-10-13 20:02:05.467374,354397.976,6283267.64
PF25,F20,SPZX-57,4668,16,24,2025-10-13 20:02:05.467375,354397.976,6283267.64
PF25,F25,SRVJ-78,6038,15,21,2025-10-13 20:02:05.467376,354397.976,6283267.64
PF25,F25,SRVF-84,8222,20,28,2025-10-13 20:02:05.467377,354397.976,6283267.64
PF25,712,FLXS-40,738,0,3,2025-10-13 20:02:05.467377,354397.976,6283267.64
PF25,712,SHCX-32,1828,5,7,2025-10-13 20:02:05.467378,354397.976,6283267.64
PB237,272,VFPC-80,3916,11,15,2025-10-13 20:02:07.540308,342873.912,6307099.023
PB237,272,VFHT-80,4011,11,15,2025-10-13 20:02:07.540313,342873.912,6307099.023
PB237,B36,FLXS-56,309,0,3,2025-10-13 20:02:07.540314,342873.912,6307099.023
PB237,B12,SKDJ-14,2558,8,10,2025-10-13 20:02:07.540315,342873.912,6307099.023
PB237,B12,SKDH-69,3850,12,16,2025-10-13 20:02:07.540316,342873.912,6307099.023
PB237,B35,SJPF-93,179,0,3,2025-10-13 20:02:07.540317,342873.912,6307099.023
PB237,201,GCBB-52,1,0,3,2025-10-13 20:02:07.540318,342873.912,6307099.023
PB237,201,GCBB-43,986,0,4,2025-10-13 20:02:07.540319,342873.912,6307099.023
PB237,214,GCBB-55,1014,0,3,2025-10-13 20:02:07.540321,342873.912,6307099.023
PB237,214,GCBC-22,3183,6,8,2025-10-13 20:02:07.540321,342873.912,6307099.023
PB237,230,GCBB-35,1461,7,9,2025-10-13 20:02:07.540322,342873.912,6307099.023
PB237,230,GCBB-13,6918,25,60,2025-10-13 20:02:07.540323,342873.912,6307099.023
PH50,204,VFPY-43,3745,8,12,2025-10-13 20:02:09.456760,349075.993,6290768.42
PH50,204,VGBW-98,6884,16,22,2025-10-13 20:02:09.456765,349075.993,6290768.42
PF587,F13,SRPJ-80,1107,7,9,2025-10-13 20:02:11.279155,348981.996,6278155.219
PF587,F13,SRRX-22,2609,11,15,2025-10-13 20:02:11.279161,348981.996,6278155.219
PF587,207,SRTK-14,932,5,7,2025-10-13 20:02:11.279163,348981.996,6278155.219
PF587,207E,LZPG-20,97,0,3,2025-10-13 20:02:11.279165,348981.996,6278155.219
PF587,F33,LBTT-24,2266,7,9,2025-10-13 20:02:11.279166,348981.996,6278155.219
PG1065,G39,SFGY-15,209,0,3,2025-10-13 20:02:12.624899,341933.0,6283389.0
PG1065,G39,SHCX-14,705,0,3,2025-10-13 20:02:12.624904,341933.0,6283389.0
PH434,D07,SVDF-61,1654,5,7,2025-10-13 20:02:14.566519,347465.803,6294613.431
PH434,D07,SPBL-70,7132,19,27,2025-10-13 20:02:14.566524,347465.803,6294613.431
PH434,E04,BJFV-31,1633,7,9,2025-10-13 20:02:14.566526,347465.803,6294613.431
PH434,E04,BJFT-93,7426,25,60,2025-10-13 20:02:14.566527,347465.803,6294613.431
PH434,385,FLXK-52,204,0,3,2025-10-13 20:02:14.566528,347465.803,6294613.431
PH434,385,FLXL-58,2001,0,5,2025-10-13 20:02:14.566529,347465.803,6294613.431
PG774,G23,SFWZ-45,1,0,3,2025-10-13 20:02:16.621529,344358.71,6282881.19
PG774,G39,SFPF-90,40,0,3,2025-10-13 20:02:16.621533,344358.71,6282881.19
PG774,G39,HVFH-31,18,0,3,2025-10-13 20:02:16.621534,344358.71,6282881.19
PC844,C09,SGPY-74,4095,10,14,2025-10-13 20:02:18.518880,358873.701,6306278.634
PC844,C09,SGPY-58,4678,12,16,2025-10-13 20:02:18.518886,358873.701,6306278.634
PE666,E10,BJFV-21,3459,11,15,2025-10-13 20:02:20.334981,350204.447,6288643.513
PE666,E10,FLXR-27,6732,20,28,2025-10-13 20:02:20.334986,350204.447,6288643.513
PF974,F05,SPZY-49,1182,0,5,2025-10-13 20:02:21.705052,355232.346,6281950.572
PF974,F05,SPZY-31,3343,11,15,2025-10-13 20:02:21.705057,355232.346,6281950.572
PF974,F20,SPZX-57,2643,9,13,2025-10-13 20:02:21.705059,355232.346,6281950.572
PF974,F20,TXZH-47,3323,14,20,2025-10-13 20:02:21.705060,355232.346,6281950.572
PF974,F07,SPRV-88,1406,5,7,2025-10-13 20:02:21.705061,355232.346,6281950.572
PF974,F07,SPRV-93,2882,9,13,2025-10-13 20:02:21.705062,355232.346,6281950.572
PG608,G23,SFWZ-36,1312,17,23,2025-10-13 20:02:23.309224,349805.4,6282036.215
PG608,G23,SFWZ-10,3968,25,60,2025-10-13 20:02:23.309230,349805.4,6282036.215
PG608,F06,SPZY-48,1725,9,13,2025-10-13 20:02:23.309231,349805.4,6282036.215
PG608,F06,SPZX-78,3238,25,60,2025-10-13 20:02:23.309232,349805.4,6282036.215
PF1023,F12C,TXZH-40,1912,12,16,2025-10-13 20:02:24.710625,351920.33,6277828.0
PE481,325,VFJP-25,557,0,4,2025-10-13 20:02:27.809346,351536.2,6290408.575
PE481,325,VFJP-21,2576,8,12,2025-10-13 20:02:27.809352,351536.2,6290408.575
PE481,E05,BJFT-62,3342,10,14,2025-10-13 20:02:27.809354,351536.2,6290408.575
PE481,E05,BJFZ-93,5943,18,26,2025-10-13 20:02:27.809355,351536.2,6290408.575
PG269,302,BJFZ-98,3518,9,11,2025-10-13 20:02:29.667155,344173.36,6289135.03
PG269,302,BJFT-22,4720,11,15,2025-10-13 20:02:29.667160,344173.36,6289135.03
PF639,F15,LCPG-49,4704,14,20,2025-10-13 20:02:31.582102,352676.585,6280582.681
PF639,F15,LCTG-26,5334,16,22,2025-10-13 20:02:31.582107,352676.585,6280582.681
PF639,F29,SRPJ-78,2765,9,11,2025-10-13 20:02:31.582109,352676.585,6280582.681
PF639,F29,SPVW-85,5700,17,25,2025-10-13 20:02:31.582110,352676.585,6280582.681
PF639,204,VFRD-85,405,0,3,2025-10-13 20:02:31.582111,352676.585,6280582.681
PF639,204,VFRB-54,3240,9,13,2025-10-13 20:02:31.582113,352676.585,6280582.681
PF639,F02,SHXD-84,2382,9,11,2025-10-13 20:02:31.582114,352676.585,6280582.681
PF639,F02,SHCY-42,8197,25,60,2025-10-13 20:02:31.582115,352676.585,6280582.681
PD140,106,PFVJ-18,1,0,3,2025-10-13 20:02:33.308000,354751.75,6291286.645
PD140,514,TBFT-56,668,0,3,2025-10-13 20:02:33.308006,354751.75,6291286.645
PA277,507,FLXV-96,3057,13,17,2025-10-13 20:02:35.168358,344878.0,6296723.67
PA277,507,PFXC-33,3139,13,17,2025-10-13 20:02:35.168362,344878.0,6296723.67
PA277,119,BJFZ-70,3422,13,19,2025-10-13 20:02:35.168364,344878.0,6296723.67
PI10,101,PGPT-31,2191,7,9,2025-10-13 20:02:36.778902,339915.356,6294589.606
PI10,101,PFYR-72,9553,25,60,2025-10-13 20:02:36.778946,339915.356,6294589.606
PI10,481,PFYR-76,228,0,3,2025-10-13 20:02:36.778948,339915.356,6294589.606
PI10,481,PGPT-21,1421,4,6,2025-10-13 20:02:36.778949,339915.356,6294589.606
PI10,I04,FLXF-90,1044,0,3,2025-10-13 20:02:36.778950,339915.356,6294589.606
PI10,I04,FLXL-13,3151,9,13,2025-10-13 20:02:36.778951,339915.356,6294589.606
PI10,I14,CJRX-39,1757,5,7,2025-10-13 20:02:36.778952,339915.356,6294589.606
PI10,I14,FLXF-27,2004,6,8,2025-10-13 20:02:36.778952,339915.356,6294589.606
PH96,125,BJFX-13,2834,7,9,2025-10-13 20:02:38.414861,344207.79,6294398.42
PH96,113,FLXY-63,1255,0,4,2025-10-13 20:02:38.414867,344207.79,6294398.42
PH96,113,FLXW-69,11718,25,60,2025-10-13 20:02:38.414868,344207.79,6294398.42
PH96,115,FLXV-47,5028,10,14,2025-10-13 20:02:38.414869,344207.79,6294398.42
PH96,115,FLXW-42,10561,16,24,2025-10-13 20:02:38.414870,344207.79,6294398.42
PA144,205,LZRF-15,1595,0,4,2025-10-13 20:02:40.325510,347234.321,6295385.171
PA144,227,VFRF-15,5021,17,23,2025-10-13 20:02:40.325516,347234.321,6295385.171
PA144,227,VGBW-68,5091,17,23,2025-10-13 20:02:40.325517,347234.321,6295385.171
PA144,209,LZPT-64,1187,0,3,2025-10-13 20:02:40.325519,347234.321,6295385.171
PA144,209,SDGY-18,2378,5,7,2025-10-13 20:02:40.325519,347234.321,6295385.171
PB2046,B29,LXDJ-11,1245,0,5,2025-10-13 20:02:43.312681,338589.0,6303003.0
PC753,C07,SHCV-72,1366,0,4,2025-10-13 20:02:45.157859,353686.205,6304374.556
PC753,C07,SPCG-42,4313,11,15,2025-10-13 20:02:45.157864,353686.205,6304374.556
PB1168,B21,SPCG-41,2754,10,14,2025-10-13 20:02:47.097965,344869.712,6304986.612
PB1168,B21,SKDJ-82,6391,19,27,2025-10-13 20:02:47.097970,344869.712,6304986.612
PB1168,B11,SKDJ-93,7169,16,24,2025-10-13 20:02:47.097971,344869.712,6304986.612
PB1168,B11,SKDJ-86,9665,25,60,2025-10-13 20:02:47.097972,344869.712,6304986.612
PI1199,I16,FLXK-88,2048,5,7,2025-10-13 20:02:49.028026,342809.664,6295949.673
PI1199,I17,FLXG-77,87,0,3,2025-10-13 20:02:49.028032,342809.664,6295949.673
PI1199,I17,FLXJ-53,648,0,3,2025-10-13 20:02:49.028033,342809.664,6295949.673
PG318,228,THTF-62,2893,7,9,2025-10-13 20:02:50.895922,346605.862,6286873.205
PG318,228,THTH-33,2807,7,9,2025-10-13 20:02:50.895927,346605.862,6286873.205
PB1708,B22,SPCG-55,1811,0,5,2025-10-13 20:02:56.466837,343775.738,6304740.062
PB1708,B22,SKPS-47,2520,6,8,2025-10-13 20:02:56.466843,343775.738,6304740.062
PB1708,201,GCBB-10,2580,8,10,2025-10-13 20:02:56.466844,343775.738,6304740.062
PB1708,201,GCBB-80,3254,9,13,2025-10-13 20:02:56.466846,343775.738,6304740.062
PB1708,272,GCBB-76,322,0,3,2025-10-13 20:02:56.466847,343775.738,6304740.062
PB1708,272,VFHS-85,2566,6,8,2025-10-13 20:02:56.466848,343775.738,6304740.062
PB1708,308,FLXK-12,3806,9,13,2025-10-13 20:02:56.466850,343775.738,6304740.062
PB1708,308,FLXJ-90,5811,18,26,2025-10-13 20:02:56.466851,343775.738,6304740.062
PE815,E16,VFJD-70,5027,16,22,2025-10-13 20:02:57.759480,349132.261,6286887.191
PE815,E16,VFKW-18,11452,25,60,2025-10-13 20:02:57.759485,349132.261,6286887.191
PD1031,D09,SVDF-67,2581,5,7,2025-10-13 20:02:59.687196,356283.159,6296285.55
PD1031,D11,SVDD-90,1197,0,3,2025-10-13 20:02:59.687202,356283.159,6296285.55
PD1031,227,VFHT-73,1489,0,5,2025-10-13 20:02:59.687203,356283.159,6296285.55
PD1031,227,VFPJ-53,3881,11,15,2025-10-13 20:02:59.687204,356283.159,6296285.55
PA130,204,VFPX-13,555,0,3,2025-10-13 20:03:01.620459,348038.358,6296130.894
PA130,204,VFRF-85,1940,4,6,2025-10-13 20:03:01.620464,348038.358,6296130.894
PA130,204E,LZRB-84,5020,11,15,2025-10-13 20:03:01.620465,348038.358,6296130.894
PA130,204E,TBZB-24,9730,25,60,2025-10-13 20:03:01.620466,348038.358,6296130.894
PG303,229,SFVZ-86,4033,13,19,2025-10-13 20:03:03.635071,346086.732,6284616.865
PG303,229,LZPG-21,5383,16,24,2025-10-13 20:03:03.635075,346086.732,6284616.865
PG303,G08V,FLXV-17,1870,5,7,2025-10-13 20:03:03.635077,346086.732,6284616.865
PG303,302,BJFV-30,388,0,3,2025-10-13 20:03:03.635078,346086.732,6284616.865
PG303,302,BJFV-97,558,0,3,2025-10-13 20:03:03.635078,346086.732,6284616.865
PG303,G11,THTH-61,227,0,3,2025-10-13 20:03:03.635079,346086.732,6284616.865
PG303,G11,THTF-27,254,0,3,2025-10-13 20:03:03.635080,346086.732,6284616.865
PG303,228,THTH-31,2816,9,11,2025-10-13 20:03:03.635081,346086.732,6284616.865
PG303,228,THTF-73,3605,11,15,2025-10-13 20:03:03.635082,346086.732,6284616.865
PG303,G08,THTD-30,129,0,3,2025-10-13 20:03:03.635083,346086.732,6284616.865
PG303,F20,SPZX-66,1179,4,6,2025-10-13 20:03:03.635084,346086.732,6284616.865
PG303,F20,SRVJ-25,4496,17,25,2025-10-13 20:03:03.635085,346086.732,6284616.865
PB1361,C18,SHXF-21,51,0,3,2025-10-13 20:03:07.394933,347435.796,6306689.416
PB1361,C18,SHXF-44,1463,0,3,2025-10-13 20:03:07.394938,347435.796,6306689.416
PG1857,G31,BJFW-78,102,0,3,2025-10-13 20:03:09.251811,343840.818,6282130.245
PG1453,G38,THTG-79,1976,6,8,2025-10-13 20:03:11.333322,342318.963,6278383.797
PG1453,G38,THTD-10,6856,20,28,2025-10-13 20:03:11.333327,342318.963,6278383.797
PI462,I02,FLXG-65,686,0,3,2025-10-13 20:03:13.268412,334430.947,6289820.99
PC312,C09,SKPP-16,5457,15,21,2025-10-13 20:03:15.081255,357232.583,6301972.243
PC312,C09,SHCY-31,5586,16,22,2025-10-13 20:03:15.081260,357232.583,6301972.243
PC312,C09C,SHXD-81,2784,13,19,2025-10-13 20:03:15.081261,357232.583,6301972.243
PC312,C09C,SHXF-96,4194,25,60,2025-10-13 20:03:15.081262,357232.583,6301972.243
PC312,C37,SHCV-64,4382,9,13,2025-10-13 20:03:15.081262,357232.583,6301972.243
PC312,C37,SGPX-12,5696,12,16,2025-10-13 20:03:15.081263,357232.583,6301972.243
PC312,407,TBFW-14,1,0,3,2025-10-13 20:03:15.081264,357232.583,6301972.243
PC653,C03,LWTK-44,1061,0,5,2025-10-13 20:03:16.439496,353272.773,6305312.245
PC653,C03,SGPY-57,3166,9,13,2025-10-13 20:03:16.439501,353272.773,6305312.245
PB1053,B16,STHC-45,275,0,3,2025-10-13 20:03:18.314456,344554.5,6307692.66
PB1053,B16,STHL-46,824,0,4,2025-10-13 20:03:18.314461,344554.5,6307692.66
PF485,F10,SRRZ-16,68,0,3,2025-10-13 20:03:20.176275,354092.814,6284424.131
PF485,F10,SRRW-96,398,0,3,2025-10-13 20:03:20.176280,354092.814,6284424.131
PF485,F25,LCTG-24,536,0,3,2025-10-13 20:03:20.176282,354092.814,6284424.131
PF485,F25,SRVJ-43,6125,19,27,2025-10-13 20:03:20.176283,354092.814,6284424.131
PC193,412,LXWP-60,2726,12,16,2025-10-13 20:03:21.797339,349134.734,6299834.94
PC193,412,PFTW-42,11402,25,60,2025-10-13 20:03:21.797343,349134.734,6299834.94
PC193,418,PFYC-66,553,0,3,2025-10-13 20:03:21.797344,349134.734,6299834.94
PC193,418,SKPK-63,3684,13,17,2025-10-13 20:03:21.797345,349134.734,6299834.94
PC193,106,PFVC-39,349,0,3,2025-10-13 20:03:21.797346,349134.734,6299834.94
PC193,106,PFVC-59,2970,9,13,2025-10-13 20:03:21.797346,349134.734,6299834.94
PC193,401,PFYG-41,1419,5,7,2025-10-13 20:03:21.797347,349134.734,6299834.94
PC193,401,PDZT-27,1851,7,9,2025-10-13 20:03:21.797348,349134.734,6299834.94
PC193,405,PFTV-86,1392,6,8,2025-10-13 20:03:21.797349,349134.734,6299834.94
PC193,405,PFYG-85,1540,7,9,2025-10-13 20:03:21.797350,349134.734,6299834.94
PC193,421,PFVL-10,1,0,3,2025-10-13 20:03:21.797351,349134.734,6299834.94
PC193,421,PDYR-97,70,0,3,2025-10-13 20:03:21.797351,349134.734,6299834.94
PC193,445C,SPBR-21,1178,6,8,2025-10-13 20:03:21.797352,349134.734,6299834.94
PC193,445C,SPBL-69,2118,15,21,2025-10-13 20:03:21.797353,349134.734,6299834.94
PB487,428,SLPC-58,12643,25,60,2025-10-13 20:03:23.342411,337855.396,6306069.732
PB487,428,SHCX-62,15383,25,60,2025-10-13 20:03:23.342416,337855.396,6306069.732
PB487,428E,SLPC-30,9575,16,24,2025-10-13 20:03:23.342417,337855.396,6306069.732
PB487,428E,SLPC-12,12891,25,60,2025-10-13 20:03:23.342418,337855.396,6306069.732
PB487,429,SLPC-36,1375,0,5,2025-10-13 20:03:23.342419,337855.396,6306069.732
PB487,429,SLLZ-29,2577,7,9,2025-10-13 20:03:23.342420,337855.396,6306069.732
PA10,I18,VHSX-99,6154,14,20,2025-10-13 20:03:25.027424,344662.197,6295715.461
PA10,I18,VHTB-56,13414,25,60,2025-10-13 20:03:25.027429,344662.197,6295715.461
PA10,511,GCBC-38,22,0,3,2025-10-13 20:03:25.027430,344662.197,6295715.461
PA10,511,TBFT-42,1197,0,3,2025-10-13 20:03:25.027432,344662.197,6295715.461
PA10,109,GCBC-84,1,0,3,2025-10-13 20:03:25.027433,344662.197,6295715.461
PA10,109,FLXC-44,1547,4,6,2025-10-13 20:03:25.027434,344662.197,6295715.461
PA10,119,BJFZ-36,2158,6,8,2025-10-13 20:03:25.027435,344662.197,6295715.461
PA10,345,CJRW-14,1,0,3,2025-10-13 20:03:25.027436,344662.197,6295715.461
PA10,345,FLXD-77,6128,16,22,2025-10-13 20:03:25.027437,344662.197,6295715.461
PE518,E06,BJFS-80,517,0,3,2025-10-13 20:03:26.960074,352786.878,6289977.131
PE518,E06,FLXH-17,3350,11,15,2025-10-13 20:03:26.960078,352786.878,6289977.131
PG1766,G05,SHCV-36,3423,12,16,2025-10-13 20:03:29.211357,350865.891,6281315.826
PG1766,G05,SDSW-62,6021,17,25,2025-10-13 20:03:29.211370,350865.891,6281315.826
PG1766,G35,SFPF-78,3749,14,20,2025-10-13 20:03:29.211371,350865.891,6281315.826
PG1766,G35,SFPF-89,4935,17,25,2025-10-13 20:03:29.211371,350865.891,6281315.826
PG1766,G13,SHCX-10,495,0,3,2025-10-13 20:03:29.211372,350865.891,6281315.826
PG1766,G13,SHXB-35,905,0,4,2025-10-13 20:03:29.211373,350865.891,6281315.826
PG1766,G13C,SFPF-85,2760,15,21,2025-10-13 20:03:29.211374,350865.891,6281315.826
PG1766,G13C,SFPG-46,6918,25,60,2025-10-13 20:03:29.211375,350865.891,6281315.826
PG1766,G16,SHXG-70,4,0,3,2025-10-13 20:03:29.211376,350865.891,6281315.826
PG1766,G16,SDSW-77,2228,0,5,2025-10-13 20:03:29.211376,350865.891,6281315.826
PG1766,F14,SPRY-36,2308,10,14,2025-10-13 20:03:29.211377,350865.891,6281315.826
PG1766,F14,SPRY-91,3258,13,19,2025-10-13 20:03:29.211393,350865.891,6281315.826
PG1766,233,SHXB-33,1974,4,6,2025-10-13 20:03:29.211394,350865.891,6281315.826
PG1766,233,SFGY-16,2599,7,9,2025-10-13 20:03:29.211395,350865.891,6281315.826
PG1766,286,SCRZ-25,5504,13,19,2025-10-13 20:03:29.211395,350865.891,6281315.826
PG1766,286,SHXB-18,7613,20,28,2025-10-13 20:03:29.211396,350865.891,6281315.826
PC858,C16,LDTF-43,1437,0,5,2025-10-13 20:03:31.064852,359489.271,6309962.907
PC858,C16,LDTG-61,3752,11,15,2025-10-13 20:03:31.064857,359489.271,6309962.907
PB1153,B11,SKDH-34,565,0,4,2025-10-13 20:03:32.900395,345426.558,6304425.32
PB1153,B11,SPCG-32,5310,25,60,2025-10-13 20:03:32.900399,345426.558,6304425.32
PI439,405,PFBG-21,2355,8,10,2025-10-13 20:03:34.926889,343127.31,6297172.45
PI439,405,PFYG-65,5401,14,20,2025-10-13 20:03:34.926894,343127.31,6297172.45
PI439,419,PDZH-83,1140,0,4,2025-10-13 20:03:34.926895,343127.31,6297172.45
PI439,419,PFYH-21,6703,14,20,2025-10-13 20:03:34.926896,343127.31,6297172.45
PI439,423,PFYS-39,1043,0,4,2025-10-13 20:03:34.926897,343127.31,6297172.45
PI439,423,PFVC-56,7695,16,24,2025-10-13 20:03:34.926898,343127.31,6297172.45
PI439,510,FLXV-98,2158,6,8,2025-10-13 20:03:34.926899,343127.31,6297172.45
PI439,510,FLXV-65,7783,21,29,2025-10-13 20:03:34.926899,343127.31,6297172.45
PI439,516,FLXW-35,38,0,3,2025-10-13 20:03:34.926901,343127.31,6297172.45
PI439,516,GCBC-96,390,0,3,2025-10-13 20:03:34.926902,343127.31,6297172.45
PI439,404,PFYC-68,912,0,3,2025-10-13 20:03:34.926903,343127.31,6297172.45
PI439,404,PGBY-73,3741,9,11,2025-10-13 20:03:34.926953,343127.31,6297172.45
PI439,418,SHCX-39,2148,6,8,2025-10-13 20:03:34.926955,343127.31,6297172.45
PI439,418,PFTW-29,6305,16,22,2025-10-13 20:03:34.926956,343127.31,6297172.45
PI439,106,PFYS-48,2308,6,8,2025-10-13 20:03:34.926957,343127.31,6297172.45
PI439,106,PFYR-90,8571,19,27,2025-10-13 20:03:34.926958,343127.31,6297172.45
PI439,481,PFYR-78,2288,5,7,2025-10-13 20:03:34.926968,343127.31,6297172.45
PI439,481,PFVC-50,8570,20,28,2025-10-13 20:03:34.926969,343127.31,6297172.45
PI439,511,TBFW-26,4248,13,19,2025-10-13 20:03:34.926970,343127.31,6297172.45
PI439,511,BJFF-48,13059,25,60,2025-10-13 20:03:34.926971,343127.31,6297172.45
PI439,424,GCBD-48,966,5,7,2025-10-13 20:03:34.926972,343127.31,6297172.45
PI439,424,GCBC-97,1040,5,7,2025-10-13 20:03:34.926973,343127.31,6297172.45
PI439,412,PFVG-76,6973,17,25,2025-10-13 20:03:34.926974,343127.31,6297172.45
PI439,412,PFVG-90,7285,18,26,2025-10-13 20:03:34.926975,343127.31,6297172.45
PF871,F06,SPZY-25,2344,8,10,2025-10-13 20:03:36.562278,352077.26,6282460.325
PF871,F06,SPZY-66,5493,18,26,2025-10-13 20:03:36.562284,352077.26,6282460.325
PD252,D03C,SVDC-53,1,0,3,2025-10-13 20:03:38.317085,356815.427,6297089.555
PD252,D03C,SVDD-24,3431,18,26,2025-10-13 20:03:38.317089,356815.427,6297089.555
PD252,412,PFYC-46,8603,25,60,2025-10-13 20:03:38.317091,356815.427,6297089.555
PD252,412,PFVG-77,9427,25,60,2025-10-13 20:03:38.317091,356815.427,6297089.555
PD252,517,VJJV-78,512,0,4,2025-10-13 20:03:38.317092,356815.427,6297089.555
PD252,517,VHZW-11,1410,7,9,2025-10-13 20:03:38.317093,356815.427,6297089.555
PD252,227,VFHT-73,91,0,3,2025-10-13 20:03:38.317094,356815.427,6297089.555
PD252,227,VFPJ-53,2499,7,9,2025-10-13 20:03:38.317095,356815.427,6297089.555
PD252,225,TBYY-56,897,0,4,2025-10-13 20:03:38.317096,356815.427,6297089.555
PD252,225,SFWZ-32,3314,10,14,2025-10-13 20:03:38.317096,356815.427,6297089.555
PI77,105,SJPC-44,4890,10,14,2025-10-13 20:03:40.187150,343130.42,6296063.59
PI77,120,TXZH-36,3055,7,9,2025-10-13 20:03:40.187156,343130.42,6296063.59
PI77,120,SKHG-37,5600,13,19,2025-10-13 20:03:40.187157,343130.42,6296063.59
PI1652,516,PFXC-15,4368,11,15,2025-10-13 20:03:41.800021,336214.795,6295556.762
PI1652,516,PFWZ-92,7541,18,26,2025-10-13 20:03:41.800026,336214.795,6295556.762
PI1652,J08,TBFV-13,2689,8,10,2025-10-13 20:03:41.800027,336214.795,6295556.762
PI1652,J08,RPYP-59,4639,13,19,2025-10-13 20:03:41.800028,336214.795,6295556.762
PI1652,424,GCBF-28,596,0,5,2025-10-13 20:03:41.800029,336214.795,6295556.762
PI1652,424,GCBD-65,6828,25,60,2025-10-13 20:03:41.800030,336214.795,6295556.762
PI1652,110,CJRY-77,1011,0,4,2025-10-13 20:03:41.800030,336214.795,6295556.762
PI1652,110,FDJX-67,4234,13,17,2025-10-13 20:03:41.800031,336214.795,6295556.762
PI1652,110C,GCBC-74,295,0,3,2025-10-13 20:03:41.800032,336214.795,6295556.762
PI1652,110C,SPHF-15,1845,5,7,2025-10-13 20:03:41.800033,336214.795,6295556.762
PI1652,428,SHCY-53,227,0,3,2025-10-13 20:03:41.800034,336214.795,6295556.762
PI1652,428,SLGT-34,2580,5,7,2025-10-13 20:03:41.800043,336214.795,6295556.762
PI1652,444,SHXF-85,90,0,3,2025-10-13 20:03:41.800044,336214.795,6295556.762
PI1652,444,SKPK-40,5951,13,17,2025-10-13 20:03:41.800044,336214.795,6295556.762
PI1652,510,FLXK-35,4564,12,16,2025-10-13 20:03:41.800045,336214.795,6295556.762
PI1652,510,TBFS-61,8787,25,60,2025-10-13 20:03:41.800046,336214.795,6295556.762
PB233,201,GCBB-10,3747,10,14,2025-10-13 20:03:45.369538,343176.267,6305925.635
PB233,201,GCBB-80,4433,13,17,2025-10-13 20:03:45.369544,343176.267,6305925.635
PB233,308,FLXK-10,1,0,3,2025-10-13 20:03:45.369545,343176.267,6305925.635
PB233,308,FLXK-12,4928,13,19,2025-10-13 20:03:45.369546,343176.267,6305925.635
PB233,B19,SHXF-37,3321,8,12,2025-10-13 20:03:45.369547,343176.267,6305925.635
PC399,421,PFBG-41,1661,6,8,2025-10-13 20:03:47.257067,357582.608,6303745.18
PC399,421,PDZH-75,1973,8,10,2025-10-13 20:03:47.257072,357582.608,6303745.18
PG1788,211C,THTH-18,1,0,3,2025-10-13 20:03:49.122032,341210.1,6279454.27
PG1788,G22,THTG-90,175,0,3,2025-10-13 20:03:49.122038,341210.1,6279454.27
PG1788,G22,THTD-24,1221,6,8,2025-10-13 20:03:49.122039,341210.1,6279454.27
PB1152,B11,SKDH-34,264,0,3,2025-10-13 20:03:52.574624,345576.895,6304292.515
PB1152,B11,SPCG-32,5030,25,60,2025-10-13 20:03:52.574629,345576.895,6304292.515
PB391,B03,SKHG-89,586,0,3,2025-10-13 20:03:54.525234,345211.538,6300703.816
PB391,B03,SKHG-92,781,0,4,2025-10-13 20:03:54.525240,345211.538,6300703.816
PB391,B24,SKHF-87,503,0,4,2025-10-13 20:03:54.525241,345211.538,6300703.816
PB391,B24,STHD-65,4439,25,60,2025-10-13 20:03:54.525242,345211.538,6300703.816
PB391,301,CJRZ-71,1,0,3,2025-10-13 20:03:54.525243,345211.538,6300703.816
PB391,301,BJFV-17,401,0,3,2025-10-13 20:03:54.525245,345211.538,6300703.816
PG1597,G37,THTF-85,11290,25,60,2025-10-13 20:03:56.511316,338398.419,6273440.393
PG1597,G07,THTD-66,2994,5,7,2025-10-13 20:03:56.511320,338398.419,6273440.393
PG1597,G07,THTG-88,6614,15,21,2025-10-13 20:03:56.511321,338398.419,6273440.393
PI1473,I21,FLXD-81,1793,0,5,2025-10-13 20:03:58.405765,333593.911,6289379.954
PE446,E04,BJFW-13,214,0,3,2025-10-13 20:04:00.260025,353591.309,6288143.373
PG862,G05,SHXB-29,2791,8,10,2025-10-13 20:04:01.739414,346907.954,6282449.779
PG862,G35,SFPG-36,1900,0,5,2025-10-13 20:04:01.739419,346907.954,6282449.779
PG862,G35,SFPF-80,5710,14,20,2025-10-13 20:04:01.739420,346907.954,6282449.779
PG1350,G11,THTF-27,9909,25,60,2025-10-13 20:04:05.040060,348227.505,6286421.317
PG1350,G11,THTH-61,9980,25,60,2025-10-13 20:04:05.040065,348227.505,6286421.317
PI1538,423,PGPT-50,3374,7,9,2025-10-13 20:04:06.449048,338383.223,6294026.688
PI1538,423,PFTW-78,6410,12,18,2025-10-13 20:04:06.449053,338383.223,6294026.688
PF841,F29,SPVT-98,3068,9,13,2025-10-13 20:04:08.367676,352206.881,6280480.903
PF841,F02,SHXD-57,225,0,3,2025-10-13 20:04:08.367681,352206.881,6280480.903
PF841,F15,STHF-67,1992,8,10,2025-10-13 20:04:08.367682,352206.881,6280480.903
PF841,F15,SRVF-79,5306,17,25,2025-10-13 20:04:08.367683,352206.881,6280480.903
PE731,E16,VFJP-23,1,0,3,2025-10-13 20:04:10.587179,351457.736,6285229.609
PE731,E16,VFJK-90,2326,8,10,2025-10-13 20:04:10.587184,351457.736,6285229.609
PE731,E11,BJFT-64,1220,5,7,2025-10-13 20:04:10.587185,351457.736,6285229.609
PE731,E11,CJRW-16,3181,11,15,2025-10-13 20:04:10.587186,351457.736,6285229.609
PH369,H05,VFPS-47,560,0,4,2025-10-13 20:04:12.505362,344381.907,6291660.956
PH369,H05,VFPL-63,3249,11,15,2025-10-13 20:04:12.505367,344381.907,6291660.956
PH369,121,FLXF-31,2268,6,8,2025-10-13 20:04:12.505368,344381.907,6291660.956
PH369,H06,CJRW-11,1465,4,6,2025-10-13 20:04:12.505369,344381.907,6291660.956
PH369,H06,CJRY-86,4027,12,16,2025-10-13 20:04:12.505370,344381.907,6291660.956
PE1407,108,PFTW-81,5701,25,60,2025-10-13 20:04:14.397831,355389.73,6289966.068
PE1407,108,PFYR-86,5710,25,60,2025-10-13 20:04:14.397836,355389.73,6289966.068
PE638,E16,VFJP-23,460,0,3,2025-10-13 20:04:18.174740,351796.742,6284932.632
PE638,E16,VFJK-90,2906,8,12,2025-10-13 20:04:18.174745,351796.742,6284932.632
PE638,E09,BJFV-87,1,0,3,2025-10-13 20:04:18.174747,351796.742,6284932.632
PE638,E09,FLXR-48,420,0,3,2025-10-13 20:04:18.174748,351796.742,6284932.632
PJ1756,J07,VHZY-80,7198,25,60,2025-10-13 20:04:20.118320,337206.656,6299797.907
PJ1756,J07,VJBB-81,7273,25,60,2025-10-13 20:04:20.118326,337206.656,6299797.907
PJ1756,J07E,VHXK-31,1372,0,5,2025-10-13 20:04:20.118327,337206.656,6299797.907
PJ1756,J07E,VHZX-10,5095,16,24,2025-10-13 20:04:20.118328,337206.656,6299797.907
PJ1756,507,TBFV-22,3609,25,60,2025-10-13 20:04:20.118329,337206.656,6299797.907
PJ1756,507,PFXC-66,8386,25,60,2025-10-13 20:04:20.118330,337206.656,6299797.907
PJ1756,508,FLXX-83,2617,8,12,2025-10-13 20:04:20.118331,337206.656,6299797.907
PJ1756,508,BJFH-26,2709,9,13,2025-10-13 20:04:20.118332,337206.656,6299797.907
PJ1756,412,PFYC-61,2260,8,10,2025-10-13 20:04:20.118333,337206.656,6299797.907
PJ1756,412,PFYC-26,2499,8,12,2025-10-13 20:04:20.118334,337206.656,6299797.907
PB1541,B09,SHCY-49,439,0,3,2025-10-13 20:04:23.412670,336237.255,6303264.975
PB1541,B09,SHCY-32,4357,14,20,2025-10-13 20:04:23.412675,336237.255,6303264.975
PB1541,B20,SKHG-55,3474,16,24,2025-10-13 20:04:23.412676,336237.255,6303264.975
PB1541,B20,SKHG-90,7950,25,60,2025-10-13 20:04:23.412677,336237.255,6303264.975
PB1541,B29,SKHG-93,6765,25,60,2025-10-13 20:04:23.412678,336237.255,6303264.975
PB1541,B29,SKHG-85,12944,25,60,2025-10-13 20:04:23.412679,336237.255,6303264.975
PB1541,109,FLXS-95,1344,0,4,2025-10-13 20:04:23.412680,336237.255,6303264.975
PB1541,109,FLXG-24,5318,12,16,2025-10-13 20:04:23.412681,336237.255,6303264.975
PB1541,110C,TBFP-94,4944,12,18,2025-10-13 20:04:23.412682,336237.255,6303264.975
PB1541,110C,PFXC-13,5916,16,22,2025-10-13 20:04:23.412682,336237.255,6303264.975
PB1541,B03,SKHG-70,1,0,3,2025-10-13 20:04:23.412683,336237.255,6303264.975
PB1541,B03,LXDH-92,0,0,3,2025-10-13 20:04:23.412684,336237.255,6303264.975
PI290,113,FLXW-75,6279,13,19,2025-10-13 20:04:24.771918,339336.198,6290499.575
PI290,113,FLXX-61,7430,17,23,2025-10-13 20:04:24.771923,339336.198,6290499.575
PI290,113C,FLXY-21,974,0,3,2025-10-13 20:04:24.771924,339336.198,6290499.575
PI290,115,TBFR-22,798,0,3,2025-10-13 20:04:24.771925,339336.198,6290499.575
PI290,115,PFXC-19,1190,0,3,2025-10-13 20:04:24.771926,339336.198,6290499.575
PI290,115C,PFWZ-86,2454,4,6,2025-10-13 20:04:24.771927,339336.198,6290499.575
PI290,115C,GCBC-64,7986,17,25,2025-10-13 20:04:24.771928,339336.198,6290499.575
PD1287,D18,SVDF-60,3772,11,15,2025-10-13 20:04:26.881164,356533.439,6298811.666
PD1287,D18,SVDF-45,5495,16,22,2025-10-13 20:04:26.881169,356533.439,6298811.666
PD1287,412,PFYC-46,5901,25,60,2025-10-13 20:04:26.881170,356533.439,6298811.666
PD1287,412,PFVG-77,6829,25,60,2025-10-13 20:04:26.881171,356533.439,6298811.666
PF976,F20,SPZY-64,849,0,3,2025-10-13 20:04:28.723295,355516.328,6281962.778
PF976,F20,SPZY-86,4823,15,21,2025-10-13 20:04:28.723299,355516.328,6281962.778
PF976,F07,SPRX-11,3434,8,12,2025-10-13 20:04:28.723301,355516.328,6281962.778
PI1899,I35,SDSW-87,725,0,4,2025-10-13 20:04:30.590038,332597.0,6284150.0
PI1899,I35,SHXG-63,1783,5,7,2025-10-13 20:04:30.590044,332597.0,6284150.0
PI617,I01,FLXG-12,202,0,3,2025-10-13 20:04:32.101085,335157.613,6287958.744
PI617,I01,FLXJ-16,2819,8,10,2025-10-13 20:04:32.101091,335157.613,6287958.744
PI617,509,FLXV-33,2285,7,9,2025-10-13 20:04:32.101093,335157.613,6287958.744
PI617,509,FLXD-58,2886,8,10,2025-10-13 20:04:32.101094,335157.613,6287958.744
PD679,514C,FLXD-41,2312,10,14,2025-10-13 20:04:33.744723,353182.571,6291484.35
PD679,514C,FLXK-31,4383,17,23,2025-10-13 20:04:33.744728,353182.571,6291484.35
PD679,D16,SPBF-59,297,0,3,2025-10-13 20:04:33.744729,353182.571,6291484.35
PD679,D16,SPBG-22,2819,9,13,2025-10-13 20:04:33.744730,353182.571,6291484.35
PD679,103,SPBP-92,273,0,3,2025-10-13 20:04:33.744731,353182.571,6291484.35
PD679,103,SPBS-62,4573,13,19,2025-10-13 20:04:33.744732,353182.571,6291484.35
PD679,D26,SPBS-61,4356,9,13,2025-10-13 20:04:33.744733,353182.571,6291484.35
PD679,D26,FLXJ-62,7508,17,25,2025-10-13 20:04:33.744734,353182.571,6291484.35
PD679,514,FLXX-44,369,0,3,2025-10-13 20:04:33.744735,353182.571,6291484.35
PD679,514,GCBD-28,1451,0,5,2025-10-13 20:04:33.744736,353182.571,6291484.35
PI1136,I13,FLXZ-65,2764,9,13,2025-10-13 20:04:35.624581,339679.626,6293085.288
PI1136,I20,FLXK-77,826,5,7,2025-10-13 20:04:35.624586,339679.626,6293085.288
PI1136,I20,FLXK-67,4403,17,25,2025-10-13 20:04:35.624587,339679.626,6293085.288
PD47,114,SKVD-48,601,0,3,2025-10-13 20:04:37.542977,350742.747,6296278.12
PD47,114,LFGR-88,3148,8,12,2025-10-13 20:04:37.542981,350742.747,6296278.12
PD47,103,SPBS-57,1,0,3,2025-10-13 20:04:37.542982,350742.747,6296278.12
PD47,103,SPBL-89,750,0,3,2025-10-13 20:04:37.542983,350742.747,6296278.12
PD47,117,PGBY-43,838,6,8,2025-10-13 20:04:37.542984,350742.747,6296278.12
PD47,117,SPBS-39,4414,25,60,2025-10-13 20:04:37.542985,350742.747,6296278.12
PB930,B06,SKDH-63,1756,6,8,2025-10-13 20:04:39.392750,344744.658,6305393.225
PI496,419,PFYG-45,252,0,3,2025-10-13 20:04:41.165718,335650.46,6291950.542
PI496,419,PFTF-87,5624,14,20,2025-10-13 20:04:41.165723,335650.46,6291950.542
PI496,I09E,VHSZ-49,4345,11,15,2025-10-13 20:04:41.165725,335650.46,6291950.542
PH537,214,GCBB-31,142,0,3,2025-10-13 20:04:44.371146,345269.462,6291002.863
PH537,214,GCBB-20,2148,6,8,2025-10-13 20:04:44.371151,345269.462,6291002.863
PH537,H05,VFPS-47,3581,11,15,2025-10-13 20:04:44.371153,345269.462,6291002.863
PH537,H05,VFPL-63,6232,19,27,2025-10-13 20:04:44.371154,345269.462,6291002.863
