bus_stop_code,route_id,bus_id,meters_distance,min_arrival_time,max_arrival_time,date,X,Y
PE590,E08,VKJY-64,632,0,2,2025-11-03 12:00:04.316171,353372.653,6286607.91
PC709,517,SRTH-10,2108,5,9,2025-11-03 12:00:05.987652,349472.258,6299469.889
PC709,517,VHXJ-34,5921,17,21,2025-11-03 12:00:05.987657,349472.258,6299469.889
PD670,514,FLXS-66,5375,15,19,2025-11-03 12:00:09.272737,352624.533,6292934.433
PD670,514,FLXW-65,6184,18,22,2025-11-03 12:00:09.272741,352624.533,6292934.433
PD670,D10,SVDC-69,1043,0,3,2025-11-03 12:00:09.272742,352624.533,6292934.433
PD670,D10,SVDD-43,3815,10,14,2025-11-03 12:00:09.272743,352624.533,6292934.433
PD670,D14,PGBY-64,677,0,2,2025-11-03 12:00:09.272744,352624.533,6292934.433
PD670,D16,PFYC-42,3676,10,14,2025-11-03 12:00:09.272745,352624.533,6292934.433
PD670,D16,SPBR-29,7335,21,25,2025-11-03 12:00:09.272746,352624.533,6292934.433
PG171,206,FLXX-69,510,0,2,2025-11-03 12:00:10.780423,348693.947,6283537.069
PB1675,B36,FLXP-68,1675,3,7,2025-11-03 12:00:14.365197,343354.646,6308218.21
PB1675,B36,STHR-23,1808,4,8,2025-11-03 12:00:14.365202,343354.646,6308218.21
PG1772,G11,THTG-91,277,0,3,2025-11-03 12:00:15.945805,347198.632,6287564.312
PG1772,G11,THTH-30,3796,10,14,2025-11-03 12:00:15.945810,347198.632,6287564.312
PH331,119,CJRW-53,682,0,2,2025-11-03 12:00:17.926812,344491.39,6293253.12
PH331,119,BJFV-78,682,0,2,2025-11-03 12:00:17.926817,344491.39,6293253.12
PH331,345,CJRZ-85,878,0,3,2025-11-03 12:00:17.926819,344491.39,6293253.12
PH331,345,FLXD-75,4213,11,15,2025-11-03 12:00:17.926820,344491.39,6293253.12
PB424,303,FLXF-24,2719,7,11,2025-11-03 12:00:19.702094,343778.04,6301984.59
PB424,303,FLXD-84,3124,8,12,2025-11-03 12:00:19.702099,343778.04,6301984.59
PB424,307,VHSX-81,5094,14,18,2025-11-03 12:00:19.702100,343778.04,6301984.59
PB424,307,VHSZ-37,6481,18,22,2025-11-03 12:00:19.702101,343778.04,6301984.59
PB424,314,FLXF-26,1116,0,4,2025-11-03 12:00:19.702102,343778.04,6301984.59
PB424,314,VHSY-29,2583,6,10,2025-11-03 12:00:19.702103,343778.04,6301984.59
PA628,511,TBFX-49,0,0,3,2025-11-03 12:00:21.444545,346704.2,6295115.561
PA628,511,TBFV-19,1979,4,8,2025-11-03 12:00:21.444551,346704.2,6295115.561
PB780,B02,FLXR-74,2311,5,9,2025-11-03 12:00:23.012406,347137.597,6306242.507
PB780,B02,FLXR-90,6024,17,21,2025-11-03 12:00:23.012411,347137.597,6306242.507
PB780,C18,SKPH-71,1439,3,7,2025-11-03 12:00:23.012412,347137.597,6306242.507
PB780,C18,SHCW-79,4363,12,16,2025-11-03 12:00:23.012413,347137.597,6306242.507
PD237,104,SKWD-67,293,0,3,2025-11-03 12:00:24.676023,351498.63,6297747.22
PD237,104,SKWD-82,2421,6,10,2025-11-03 12:00:24.676028,351498.63,6297747.22
PD237,212,LZRB-86,0,0,3,2025-11-03 12:00:24.676029,351498.63,6297747.22
PD237,212,LZPT-71,186,0,3,2025-11-03 12:00:24.676030,351498.63,6297747.22
PD237,224,VFPZ-55,0,0,3,2025-11-03 12:00:24.676031,351498.63,6297747.22
PD237,224,VFPX-33,1214,0,4,2025-11-03 12:00:24.676031,351498.63,6297747.22
PG1619,207,SVPX-56,1188,0,4,2025-11-03 12:00:26.405016,348580.787,6285689.759
PG1619,207,VJXV-47,3358,9,13,2025-11-03 12:00:26.405022,348580.787,6285689.759
PG1619,209,VJXV-64,5036,14,18,2025-11-03 12:00:26.405023,348580.787,6285689.759
PG1619,209,VJXV-86,9496,30,60,2025-11-03 12:00:26.405024,348580.787,6285689.759
PB1308,B15,SPCG-93,4834,13,17,2025-11-03 12:00:28.404386,348225.292,6302170.832
PB1308,B15,SPCG-64,5402,15,19,2025-11-03 12:00:28.404390,348225.292,6302170.832
PJ1951,J12,FLXG-33,1679,3,7,2025-11-03 12:00:30.592204,328957.609,6297381.155
PJ1951,J12,FLXG-21,3248,8,12,2025-11-03 12:00:30.592210,328957.609,6297381.155
PE293,E01,VKJZ-42,2821,7,11,2025-11-03 12:00:32.334532,348764.543,6287941.542
PE293,E01,VKJZ-59,6472,18,22,2025-11-03 12:00:32.334536,348764.543,6287941.542
PG308,G08v,FLXV-24,1311,0,4,2025-11-03 12:00:34.418265,346059.977,6284411.113
PG308,G08v,FLXV-32,3825,10,14,2025-11-03 12:00:34.418271,346059.977,6284411.113
PG308,228,THTD-82,2360,5,9,2025-11-03 12:00:34.418272,346059.977,6284411.113
PG308,228,THTH-33,3618,9,13,2025-11-03 12:00:34.418273,346059.977,6284411.113
PG308,G08,THTF-96,1894,4,8,2025-11-03 12:00:34.418275,346059.977,6284411.113
PG308,G08,THTG-95,4916,14,18,2025-11-03 12:00:34.418276,346059.977,6284411.113
PG308,G11,THTD-65,1412,0,4,2025-11-03 12:00:34.418277,346059.977,6284411.113
PG308,G11,THTG-85,4907,13,17,2025-11-03 12:00:34.418278,346059.977,6284411.113
PG308,302,BJFT-90,1543,3,7,2025-11-03 12:00:34.418279,346059.977,6284411.113
PG308,F20,SRVL-59,965,0,3,2025-11-03 12:00:34.418280,346059.977,6284411.113
PG308,F20,LBTS-88,3195,8,12,2025-11-03 12:00:34.418281,346059.977,6284411.113
PG308,229,SFVZ-85,799,0,3,2025-11-03 12:00:34.418282,346059.977,6284411.113
PD423,403,PFVG-83,1926,4,8,2025-11-03 12:00:38.469488,357877.71,6297210.9
PD423,403,PFTW-46,4771,13,17,2025-11-03 12:00:38.469494,357877.71,6297210.9
PD423,D18,SPBS-67,1476,3,7,2025-11-03 12:00:38.469496,357877.71,6297210.9
PD423,D18,SVDD-58,4067,11,15,2025-11-03 12:00:38.469497,357877.71,6297210.9
PD423,422,GCBD-42,2248,5,9,2025-11-03 12:00:38.469498,357877.71,6297210.9
PD423,422,PFXC-13,3439,9,13,2025-11-03 12:00:38.469498,357877.71,6297210.9
PI591,509,CJRY-79,3650,10,14,2025-11-03 12:00:40.466717,339785.358,6294748.275
PI591,509,CJRW-58,7058,20,24,2025-11-03 12:00:40.466722,339785.358,6294748.275
PI591,I10,FLXG-76,0,0,3,2025-11-03 12:00:40.466723,339785.358,6294748.275
PI591,I10,FLXL-34,4880,13,17,2025-11-03 12:00:40.466724,339785.358,6294748.275
PI591,385,FLXZ-48,64,0,3,2025-11-03 12:00:40.466725,339785.358,6294748.275
PI591,385,FLXG-77,5869,17,21,2025-11-03 12:00:40.466726,339785.358,6294748.275
PI591,I17,FLXK-80,3988,11,15,2025-11-03 12:00:40.466727,339785.358,6294748.275
PI591,I17,BJFT-12,7144,21,25,2025-11-03 12:00:40.466727,339785.358,6294748.275
PA199,227,VFPL-87,1851,4,8,2025-11-03 12:00:42.459518,348132.439,6297235.964
PA199,227,VFPL-71,5260,15,19,2025-11-03 12:00:42.459523,348132.439,6297235.964
PH630,H09,VGRG-44,3761,10,14,2025-11-03 12:00:45.011248,346712.69,6293791.485
PH630,H12,CJRX-67,0,0,3,2025-11-03 12:00:45.011254,346712.69,6293791.485
PH630,H12,CJRX-35,4624,13,17,2025-11-03 12:00:45.011256,346712.69,6293791.485
PH630,H13,CJRX-61,1854,4,8,2025-11-03 12:00:45.011257,346712.69,6293791.485
PH630,H13,BJFT-32,3169,8,12,2025-11-03 12:00:45.011258,346712.69,6293791.485
PI1246,329,FLXR-31,2257,5,9,2025-11-03 12:00:47.096754,341375.532,6288576.982
PI1246,329,FLXR-23,7466,22,26,2025-11-03 12:00:47.096759,341375.532,6288576.982
PI1246,H03,BJFT-10,2477,6,10,2025-11-03 12:00:47.096761,341375.532,6288576.982
PI1246,H03,FLXR-59,4704,13,17,2025-11-03 12:00:47.096761,341375.532,6288576.982
PJ264,J13c,TBFX-22,1387,0,4,2025-11-03 12:00:49.128614,337952.205,6301067.26
PJ264,502,BJFC-40,0,0,3,2025-11-03 12:00:49.128621,337952.205,6301067.26
PJ264,J05,BJFB-33,28,0,3,2025-11-03 12:00:49.128623,337952.205,6301067.26
PJ264,J05,TBFP-72,3618,9,13,2025-11-03 12:00:49.128625,337952.205,6301067.26
PJ264,J13,PFWZ-92,1206,0,4,2025-11-03 12:00:49.128626,337952.205,6301067.26
PJ264,J13,BJFC-86,2300,5,9,2025-11-03 12:00:49.128628,337952.205,6301067.26
PD1188,D15,SVDF-76,2311,5,9,2025-11-03 12:00:51.115689,356439.652,6297132.893
PE840,118,FLXS-75,649,0,2,2025-11-03 12:00:53.123478,353574.042,6290650.23
PE840,118,CJRW-73,4364,12,16,2025-11-03 12:00:53.123483,353574.042,6290650.23
PE840,126,BJFV-76,3172,8,12,2025-11-03 12:00:53.123485,353574.042,6290650.23
PE840,126,BJFV-34,4446,12,16,2025-11-03 12:00:53.123485,353574.042,6290650.23
PG1189,G13,SHXB-22,322,0,3,2025-11-03 12:00:55.153956,345608.391,6286132.301
PG1189,G13,SFPG-56,3826,10,14,2025-11-03 12:00:55.153961,345608.391,6286132.301
PE877,F25,SRVJ-82,6540,19,23,2025-11-03 12:00:57.170535,353049.563,6286592.769
PE877,F25,LBTS-87,13593,43,60,2025-11-03 12:00:57.170540,353049.563,6286592.769
PE129,213e,LCTG-31,367,0,3,2025-11-03 12:00:59.179277,352117.627,6288150.133
PE129,213e,LCPG-52,3205,8,12,2025-11-03 12:00:59.179281,352117.627,6288150.133
PE129,210,SXKV-89,1976,4,8,2025-11-03 12:00:59.179282,352117.627,6288150.133
PE129,210,LZRD-74,3438,9,13,2025-11-03 12:00:59.179283,352117.627,6288150.133
PE129,210v,VFPZ-74,592,0,2,2025-11-03 12:00:59.179284,352117.627,6288150.133
PE129,210v,VGBS-15,3011,8,12,2025-11-03 12:00:59.179285,352117.627,6288150.133
PH673,385,FLXL-85,1710,3,7,2025-11-03 12:01:01.054612,349486.882,6290860.916
PH673,385,FLXK-87,7159,21,25,2025-11-03 12:01:01.054618,349486.882,6290860.916
PH673,329,FLXR-33,1211,0,4,2025-11-03 12:01:01.054619,349486.882,6290860.916
PD130,212,SFWB-16,11,0,3,2025-11-03 12:01:03.130622,352293.552,6291245.512
PD130,212,GCBF-43,217,0,3,2025-11-03 12:01:03.130627,352293.552,6291245.512
PD130,103,PGLD-64,1091,0,3,2025-11-03 12:01:03.130628,352293.552,6291245.512
PD130,224,VGKZ-62,2541,6,10,2025-11-03 12:01:03.130629,352293.552,6291245.512
PD130,224,VGKX-52,5141,14,18,2025-11-03 12:01:03.130630,352293.552,6291245.512
PD130,225,VFJP-23,1846,4,8,2025-11-03 12:01:03.130631,352293.552,6291245.512
PD130,225,VJKR-72,3891,10,14,2025-11-03 12:01:03.130632,352293.552,6291245.512
PD130,126,BJFV-76,1528,3,7,2025-11-03 12:01:03.130632,352293.552,6291245.512
PD130,126,BJFV-34,2802,7,11,2025-11-03 12:01:03.130633,352293.552,6291245.512
PD130,D16,PFYC-42,5701,16,20,2025-11-03 12:01:03.130634,352293.552,6291245.512
PD130,D16,SPBR-29,9301,29,60,2025-11-03 12:01:03.130635,352293.552,6291245.512
PD130,106,PFYR-84,300,0,3,2025-11-03 12:01:03.130636,352293.552,6291245.512
PD130,106,PFYR-97,3628,9,13,2025-11-03 12:01:03.130637,352293.552,6291245.512
PH182,204,VFPF-21,771,0,2,2025-11-03 12:01:05.132835,348382.193,6294694.31
PH182,204,VFRB-54,1812,4,8,2025-11-03 12:01:05.132840,348382.193,6294694.31
PH182,234,VJKP-16,3560,9,13,2025-11-03 12:01:05.132841,348382.193,6294694.31
PH182,234,VJKL-93,5853,16,20,2025-11-03 12:01:05.132842,348382.193,6294694.31
PJ535,B09,SHCY-34,1774,4,8,2025-11-03 12:01:08.832120,342075.833,6301677.42
PJ535,B09,SHCY-47,7903,23,27,2025-11-03 12:01:08.832125,342075.833,6301677.42
PJ535,J01,FDJX-76,1153,0,4,2025-11-03 12:01:08.832127,342075.833,6301677.42
PJ535,J01,FLXD-31,5421,15,19,2025-11-03 12:01:08.832128,342075.833,6301677.42
PJ535,J16,FLXW-38,3547,9,13,2025-11-03 12:01:08.832130,342075.833,6301677.42
PJ535,J16,FLXG-38,7873,23,27,2025-11-03 12:01:08.832131,342075.833,6301677.42
PH125,271,TBYY-61,600,0,2,2025-11-03 12:01:10.630591,346154.1,6291037.36
PH125,271,TBYY-62,5000,14,18,2025-11-03 12:01:10.630596,346154.1,6291037.36
PH125,223,SCRZ-10,4312,12,16,2025-11-03 12:01:10.630597,346154.1,6291037.36
PH125,223,SHXB-13,7183,21,25,2025-11-03 12:01:10.630598,346154.1,6291037.36
PH125,201,GCBB-86,0,0,3,2025-11-03 12:01:10.630599,346154.1,6291037.36
PH125,201,GCBC-22,813,0,3,2025-11-03 12:01:10.630600,346154.1,6291037.36
PH125,301,BJFT-18,386,0,3,2025-11-03 12:01:10.630601,346154.1,6291037.36
PH125,301,FLXH-10,378,0,3,2025-11-03 12:01:10.630602,346154.1,6291037.36
PH125,226,VFPS-85,1640,3,7,2025-11-03 12:01:10.630603,346154.1,6291037.36
PH125,226,VFPL-21,5740,16,20,2025-11-03 12:01:10.630603,346154.1,6291037.36
PH125,229,SFWB-44,579,0,2,2025-11-03 12:01:10.630604,346154.1,6291037.36
PH125,229,SFVZ-85,6154,17,21,2025-11-03 12:01:10.630605,346154.1,6291037.36
PB1115,B01,STHB-50,516,0,2,2025-11-03 12:01:12.336636,344475.692,6304891.792
PB1115,B01,SKHG-33,3256,8,12,2025-11-03 12:01:12.336640,344475.692,6304891.792
PB1115,B10,LDJW-49,415,0,3,2025-11-03 12:01:12.336641,344475.692,6304891.792
PB1115,B10,FLXS-47,626,0,2,2025-11-03 12:01:12.336642,344475.692,6304891.792
PB1115,B12,SKDJ-88,6332,18,22,2025-11-03 12:01:12.336643,344475.692,6304891.792
PB1115,B12,SKDG-24,8959,28,60,2025-11-03 12:01:12.336644,344475.692,6304891.792
PB1115,B22,FLXT-87,2526,6,10,2025-11-03 12:01:12.336645,344475.692,6304891.792
PB1115,B22,SKPS-21,3680,10,14,2025-11-03 12:01:12.336646,344475.692,6304891.792
PB1115,230,GCBB-50,2400,6,10,2025-11-03 12:01:12.336647,344475.692,6304891.792
PB1115,272,VFHT-81,1181,0,4,2025-11-03 12:01:12.336648,344475.692,6304891.792
PB1115,272,VFPD-94,1552,3,7,2025-11-03 12:01:12.336649,344475.692,6304891.792
PC980,D09,SVDC-89,6063,17,21,2025-11-03 12:01:13.869897,351582.692,6298190.028
PC980,D09,SPBF-24,7231,21,25,2025-11-03 12:01:13.869901,351582.692,6298190.028
PB1498,B21,SKDF-67,263,0,3,2025-11-03 12:01:15.495683,344947.41,6302420.42
PB1498,B21,SKDH-59,317,0,3,2025-11-03 12:01:15.495688,344947.41,6302420.42
PI1392,J10,VJBB-41,1414,0,4,2025-11-03 12:01:17.067759,341782.91,6297290.958
PI1392,J10,VJJX-58,5728,16,20,2025-11-03 12:01:17.067764,341782.91,6297290.958
PI1392,J13,TBFR-22,2655,6,10,2025-11-03 12:01:17.067765,341782.91,6297290.958
PI1392,J13,TBFS-65,6617,19,23,2025-11-03 12:01:17.067766,341782.91,6297290.958
PI1392,511,TBFW-74,5170,14,18,2025-11-03 12:01:17.067767,341782.91,6297290.958
PI1392,511,TBFT-70,5125,14,18,2025-11-03 12:01:17.067768,341782.91,6297290.958
PF80,F15,LCTG-46,2356,5,9,2025-11-03 12:01:19.028305,353331.708,6282656.802
PF80,205,VFPJ-77,729,0,2,2025-11-03 12:01:19.028310,353331.708,6282656.802
PF80,205,VFPS-99,2655,6,10,2025-11-03 12:01:19.028311,353331.708,6282656.802
PF80,210,RWTP-83,741,0,2,2025-11-03 12:01:19.028312,353331.708,6282656.802
PF80,210,RWTP-89,2470,6,10,2025-11-03 12:01:19.028312,353331.708,6282656.802
PF80,F01,SPVW-78,1207,0,4,2025-11-03 12:01:19.028313,353331.708,6282656.802
PF80,F13,SRRX-58,202,0,3,2025-11-03 12:01:19.028314,353331.708,6282656.802
PF80,F13,SRRW-73,1784,4,8,2025-11-03 12:01:19.028315,353331.708,6282656.802
PC207,C03,LDTC-11,4647,13,17,2025-11-03 12:01:20.574586,350797.511,6301264.237
PC207,C03,LDTC-13,7395,21,25,2025-11-03 12:01:20.574591,350797.511,6301264.237
PC207,405,PFVK-49,364,0,3,2025-11-03 12:01:20.574592,350797.511,6301264.237
PC207,405,PFVK-93,1504,3,7,2025-11-03 12:01:20.574593,350797.511,6301264.237
PB1859,B07,LDJW-38,740,0,2,2025-11-03 12:01:22.335311,341105.001,6310907.001
PB1859,B07,STHK-53,1306,0,4,2025-11-03 12:01:22.335316,341105.001,6310907.001
PJ693,J04,TBFR-52,937,0,3,2025-11-03 12:01:24.086865,339101.687,6298989.318
PI76,105,SJPC-36,1735,3,7,2025-11-03 12:01:25.580039,343146.12,6295668.55
PI76,105,SHXG-30,2811,7,11,2025-11-03 12:01:25.580045,343146.12,6295668.55
PI76,120,LDJV-50,1257,0,4,2025-11-03 12:01:25.580046,343146.12,6295668.55
PI76,120,SJTD-61,4808,13,17,2025-11-03 12:01:25.580047,343146.12,6295668.55
PD930,D07,SVDC-18,2843,7,11,2025-11-03 12:01:27.576986,355298.746,6293705.615
PD930,D07,SVDC-75,2843,7,11,2025-11-03 12:01:27.576990,355298.746,6293705.615
PD930,D17,PGPV-76,0,0,3,2025-11-03 12:01:27.576991,355298.746,6293705.615
PD930,D17,PGBY-66,0,0,3,2025-11-03 12:01:27.576992,355298.746,6293705.615
PD930,D17v,PGBY-41,246,0,3,2025-11-03 12:01:27.576993,355298.746,6293705.615
PD930,D17v,PGRZ-78,4827,13,17,2025-11-03 12:01:27.576994,355298.746,6293705.615
PH29,102,SPZX-66,2402,6,10,2025-11-03 12:01:29.601162,347870.739,6291305.261
PH29,102,FLXS-40,6378,18,22,2025-11-03 12:01:29.601166,347870.739,6291305.261
PH29,107,PGPV-82,2636,6,10,2025-11-03 12:01:29.601168,347870.739,6291305.261
PH29,107,PGTV-28,5394,15,19,2025-11-03 12:01:29.601168,347870.739,6291305.261
PH29,108,PFVJ-10,474,0,3,2025-11-03 12:01:29.601169,347870.739,6291305.261
PH29,108,PFYR-63,1919,4,8,2025-11-03 12:01:29.601170,347870.739,6291305.261
PG1124,F05,SPZY-23,0,0,3,2025-11-03 12:01:31.329235,347850.643,6286168.8
PG1124,F05,SRVJ-25,1684,3,7,2025-11-03 12:01:31.329240,347850.643,6286168.8
PG1124,E18,FLXF-43,2000,4,8,2025-11-03 12:01:31.329241,347850.643,6286168.8
PG376,G07,THTG-53,178,0,3,2025-11-03 12:01:32.875758,344485.843,6283207.399
PG376,G07,THTG-58,3629,9,13,2025-11-03 12:01:32.875764,344485.843,6283207.399
PG376,301,BJFW-99,783,0,2,2025-11-03 12:01:32.875765,344485.843,6283207.399
PG376,G28,BJFS-58,2271,5,9,2025-11-03 12:01:32.875767,344485.843,6283207.399
PG376,G28,BJFT-69,5619,16,20,2025-11-03 12:01:32.875768,344485.843,6283207.399
PG376,G14,FLXL-89,252,0,3,2025-11-03 12:01:32.875769,344485.843,6283207.399
PG376,G14,FLXP-27,1170,0,4,2025-11-03 12:01:32.875770,344485.843,6283207.399
PG376,G43,FLXX-24,383,0,3,2025-11-03 12:01:32.875771,344485.843,6283207.399
PG376,G43,FLXX-13,2934,7,11,2025-11-03 12:01:32.875781,344485.843,6283207.399
PG376,G24,FLXL-99,546,0,2,2025-11-03 12:01:32.875782,344485.843,6283207.399
PG376,G24,GCWF-76,1212,0,4,2025-11-03 12:01:32.875783,344485.843,6283207.399
PG376,G16,SFPF-78,341,0,3,2025-11-03 12:01:32.875784,344485.843,6283207.399
PG376,G16,SFPF-86,3820,10,14,2025-11-03 12:01:32.875785,344485.843,6283207.399
PD1014,412,LXWP-81,158,0,3,2025-11-03 12:01:34.821867,357105.499,6298218.578
PD1014,412,PFVG-92,10133,32,60,2025-11-03 12:01:34.821873,357105.499,6298218.578
PD1014,D08,SVDF-72,952,0,3,2025-11-03 12:01:34.821874,357105.499,6298218.578
PD1014,D08,SPBS-49,7234,21,25,2025-11-03 12:01:34.821875,357105.499,6298218.578
PD1081,517,VJJV-68,1501,3,7,2025-11-03 12:01:36.639727,356748.299,6296399.934
PD1081,517,VJBC-10,8899,28,60,2025-11-03 12:01:36.639732,356748.299,6296399.934
PD1081,D01,SVDF-52,1318,0,4,2025-11-03 12:01:36.639734,356748.299,6296399.934
PD1081,D01,STKP-84,1318,0,4,2025-11-03 12:01:36.639735,356748.299,6296399.934
PD1081,227,VFPD-81,2073,5,9,2025-11-03 12:01:36.639736,356748.299,6296399.934
PD1081,227,VFPJ-31,2355,5,9,2025-11-03 12:01:36.639737,356748.299,6296399.934
PD477,504,TBFW-81,2232,18,22,2025-11-03 12:01:38.688804,353224.841,6299763.934
PD477,504,SZZH-67,7626,43,60,2025-11-03 12:01:38.688809,353224.841,6299763.934
PD477,C07,SPCG-52,602,0,2,2025-11-03 12:01:38.688810,353224.841,6299763.934
PD477,518,FLXS-88,41,0,3,2025-11-03 12:01:38.688811,353224.841,6299763.934
PD477,518,TBFW-75,4183,11,15,2025-11-03 12:01:38.688812,353224.841,6299763.934
PD477,D08,SPBS-49,1570,3,7,2025-11-03 12:01:38.688813,353224.841,6299763.934
PD477,D08,SVDD-29,1983,4,8,2025-11-03 12:01:38.688814,353224.841,6299763.934
PD477,C05,LDTC-12,544,0,2,2025-11-03 12:01:38.688815,353224.841,6299763.934
PD477,501,TBFP-80,573,0,2,2025-11-03 12:01:38.688816,353224.841,6299763.934
PF528,F11,FLXS-34,6078,17,21,2025-11-03 12:01:41.278165,358455.19,6281322.07
PA241,302,CJRW-16,2338,5,9,2025-11-03 12:01:43.280293,345803.49,6297607.52
PA241,302,BJFX-40,3832,10,14,2025-11-03 12:01:43.280298,345803.49,6297607.52
PJ1979,418,SKPK-34,0,0,3,2025-11-03 12:01:45.349233,333797.0,6299398.0
PJ1979,418,SHCY-22,3312,8,12,2025-11-03 12:01:45.349238,333797.0,6299398.0
PI1025,I07,VHTB-67,1904,4,8,2025-11-03 12:01:47.343587,334747.348,6290658.345
PI1025,I07,VHSX-93,5275,15,19,2025-11-03 12:01:47.343593,334747.348,6290658.345
PJ228,507,FLXV-55,2226,5,9,2025-11-03 12:01:48.884236,335648.573,6298636.487
PJ228,418,LXWP-69,10502,33,60,2025-11-03 12:01:48.884241,335648.573,6298636.487
PJ228,418,SHXF-97,11592,37,60,2025-11-03 12:01:48.884242,335648.573,6298636.487
PE746,E12,VFJK-90,0,0,3,2025-11-03 12:01:50.933955,353928.383,6285726.294
PE746,E12,VFKT-58,1378,0,4,2025-11-03 12:01:50.933960,353928.383,6285726.294
PJ526,507,FLXV-52,5329,15,19,2025-11-03 12:01:52.947047,336715.287,6299958.994
PJ526,507,FLXV-48,7565,22,26,2025-11-03 12:01:52.947053,336715.287,6299958.994
PJ526,508,PFXB-82,313,0,3,2025-11-03 12:01:52.947054,336715.287,6299958.994
PJ526,508,TBFT-46,1309,0,4,2025-11-03 12:01:52.947055,336715.287,6299958.994
PJ526,412,PFYC-88,5669,16,20,2025-11-03 12:01:52.947057,336715.287,6299958.994
PJ526,412,SJPD-42,5669,16,20,2025-11-03 12:01:52.947058,336715.287,6299958.994
PJ526,J07,VHZY-40,9927,31,60,2025-11-03 12:01:52.947067,336715.287,6299958.994
PJ526,J07,VHZY-10,10680,34,60,2025-11-03 12:01:52.947068,336715.287,6299958.994
PJ526,J07e,VHZW-70,3337,9,13,2025-11-03 12:01:52.947069,336715.287,6299958.994
PJ526,J07e,VHXJ-44,7243,21,25,2025-11-03 12:01:52.947070,336715.287,6299958.994
PJ677,J02,VHZX-50,1034,0,3,2025-11-03 12:01:54.439669,337163.806,6298940.884
PJ677,J02,VHXD-57,3252,8,12,2025-11-03 12:01:54.439674,337163.806,6298940.884
PJ677,J18,VJJX-28,3687,10,14,2025-11-03 12:01:54.439675,337163.806,6298940.884
PE206,E11,VKJX-90,2170,5,9,2025-11-03 12:01:59.570603,350321.526,6285971.533
PE206,E16,VFJV-24,1875,4,8,2025-11-03 12:01:59.570608,350321.526,6285971.533
PE206,E16,VFHX-52,3502,9,13,2025-11-03 12:01:59.570609,350321.526,6285971.533
PE206,F05,SPZX-62,282,0,3,2025-11-03 12:01:59.570610,350321.526,6285971.533
PE206,F05,SPZY-23,2785,7,11,2025-11-03 12:01:59.570610,350321.526,6285971.533
PE206,225,VFKV-80,1614,3,7,2025-11-03 12:01:59.570611,350321.526,6285971.533
PE206,225,VJZL-72,2457,6,10,2025-11-03 12:01:59.570612,350321.526,6285971.533
PA440,506,TBFX-80,1629,8,12,2025-11-03 12:02:01.610339,347619.54,6296763.92
PA440,506,GCBC-36,4860,22,26,2025-11-03 12:02:01.610344,347619.54,6296763.92
PA440,506v,SZZY-69,4860,13,17,2025-11-03 12:02:01.610345,347619.54,6296763.92
PA440,506v,GCBC-82,6779,19,23,2025-11-03 12:02:01.610346,347619.54,6296763.92
PA440,507,PFWZ-84,2491,6,10,2025-11-03 12:02:01.610347,347619.54,6296763.92
PA440,507,GCBC-85,4273,11,15,2025-11-03 12:02:01.610347,347619.54,6296763.92
PA440,510,GCBC-71,939,0,3,2025-11-03 12:02:01.610348,347619.54,6296763.92
PA440,510,TBFX-53,4257,11,15,2025-11-03 12:02:01.610350,347619.54,6296763.92
PJ718,J04,FLXD-35,1373,0,4,2025-11-03 12:02:03.417762,336519.166,6300402.687
PJ718,J05,TBFP-72,1250,0,4,2025-11-03 12:02:03.417766,336519.166,6300402.687
PJ718,J05,TBFX-32,1574,3,7,2025-11-03 12:02:03.417767,336519.166,6300402.687
PJ718,J16,FLXG-38,512,0,2,2025-11-03 12:02:03.417768,336519.166,6300402.687
PD73,224,VGKZ-62,1317,0,4,2025-11-03 12:02:04.956710,351816.62,6292052.17
PD73,224,VGKX-52,3938,10,14,2025-11-03 12:02:04.956715,351816.62,6292052.17
PD73,114,SKVD-57,2175,5,9,2025-11-03 12:02:04.956716,351816.62,6292052.17
PD73,114,SKWD-38,4039,11,15,2025-11-03 12:02:04.956717,351816.62,6292052.17
PD73,126,BJFV-76,458,0,3,2025-11-03 12:02:04.956718,351816.62,6292052.17
PD73,126,BJFV-34,1598,3,7,2025-11-03 12:02:04.956718,351816.62,6292052.17
PD73,106,PFYR-97,2197,5,9,2025-11-03 12:02:04.956719,351816.62,6292052.17
PD73,106,PFYR-86,3141,8,12,2025-11-03 12:02:04.956720,351816.62,6292052.17
PD73,104,SKWD-81,266,0,3,2025-11-03 12:02:04.956721,351816.62,6292052.17
PD73,104,SKWD-84,1317,0,4,2025-11-03 12:02:04.956721,351816.62,6292052.17
PD73,212,LZPG-18,1245,0,4,2025-11-03 12:02:04.956731,351816.62,6292052.17
PD73,212,GCBF-49,1233,0,4,2025-11-03 12:02:04.956732,351816.62,6292052.17
PG919,G07,THTD-80,919,0,3,2025-11-03 12:02:08.110606,342054.573,6280386.993
PG919,G07,THTF-59,7377,21,25,2025-11-03 12:02:08.110611,342054.573,6280386.993
PJ1066,511,TBFW-87,2406,6,10,2025-11-03 12:02:09.818081,340168.256,6297696.299
PJ1066,511,PFXC-49,3794,10,14,2025-11-03 12:02:09.818086,340168.256,6297696.299
PD987,D07,SVDD-83,2315,5,9,2025-11-03 12:02:11.671086,357301.23,6294130.623
PD987,D07,SVDD-97,5420,15,19,2025-11-03 12:02:11.671091,357301.23,6294130.623
PB994,B12,SKDH-71,1344,0,4,2025-11-03 12:02:13.432844,339104.04,6308211.61
PB994,B12,SKDH-90,3490,9,13,2025-11-03 12:02:13.432849,339104.04,6308211.61
PB994,B43,SHXG-97,3497,9,13,2025-11-03 12:02:13.432851,339104.04,6308211.61
PH58,120,TXZH-39,1650,3,7,2025-11-03 12:02:17.327062,342847.51,6291360.68
PH58,120,SJTD-63,5865,17,21,2025-11-03 12:02:17.327066,342847.51,6291360.68
PH58,125,BJFS-87,6000,17,21,2025-11-03 12:02:17.327067,342847.51,6291360.68
PH58,125,FLXF-87,10493,33,60,2025-11-03 12:02:17.327068,342847.51,6291360.68
PH58,105,SHXF-27,2181,5,9,2025-11-03 12:02:17.327069,342847.51,6291360.68
PH58,105,SJPD-92,5451,15,19,2025-11-03 12:02:17.327069,342847.51,6291360.68
PG61,201,GCBB-95,1829,4,8,2025-11-03 12:02:18.993185,345455.498,6287834.638
PG61,201,GCBB-52,2840,7,11,2025-11-03 12:02:18.993191,345455.498,6287834.638
PG61,301,BJFX-55,349,0,3,2025-11-03 12:02:18.993192,345455.498,6287834.638
PG61,301,BJFT-84,696,0,2,2025-11-03 12:02:18.993192,345455.498,6287834.638
PG61,271,TBYY-62,2767,7,11,2025-11-03 12:02:18.993193,345455.498,6287834.638
PG61,G18,SCRZ-25,3066,8,12,2025-11-03 12:02:18.993194,345455.498,6287834.638
PG61,G18,SHXG-80,5213,14,18,2025-11-03 12:02:18.993195,345455.498,6287834.638
PG61,223,SCRZ-10,924,0,3,2025-11-03 12:02:18.993196,345455.498,6287834.638
PG61,223,SHXB-13,3790,10,14,2025-11-03 12:02:18.993198,345455.498,6287834.638
PB2107,B13,LDJP-67,3780,10,14,2025-11-03 12:02:20.585924,335777.0,6310836.0
PB2107,B13,LDJW-43,6652,19,23,2025-11-03 12:02:20.585929,335777.0,6310836.0
PF250,F10,SRSC-51,1463,3,7,2025-11-03 12:02:22.282044,353835.535,6279708.208
PF250,F10,SRRW-69,3538,9,13,2025-11-03 12:02:22.282049,353835.535,6279708.208
PF250,F03c,SHCY-60,8193,26,60,2025-11-03 12:02:22.282050,353835.535,6279708.208
PF250,F03c,SHXF-40,8784,28,60,2025-11-03 12:02:22.282051,353835.535,6279708.208
PF250,F33,SRVJ-78,912,0,3,2025-11-03 12:02:22.282052,353835.535,6279708.208
PF250,F33,SRVL-15,1582,3,7,2025-11-03 12:02:22.282053,353835.535,6279708.208
PF250,F13,SRSC-76,1677,3,7,2025-11-03 12:02:22.282053,353835.535,6279708.208
PF250,F13,SRPK-12,2503,6,10,2025-11-03 12:02:22.282054,353835.535,6279708.208
PC206,405,PFVK-93,1046,0,3,2025-11-03 12:02:23.940817,350653.68,6300973.27
PC206,405,PDYS-16,6710,19,23,2025-11-03 12:02:23.940822,350653.68,6300973.27
PC206,412,PFVG-92,760,0,2,2025-11-03 12:02:23.940824,350653.68,6300973.27
PC206,412,LXWP-77,3376,9,13,2025-11-03 12:02:23.940825,350653.68,6300973.27
PC206,418,LXWP-62,0,0,3,2025-11-03 12:02:23.940826,350653.68,6300973.27
PC206,418,SKPK-44,900,0,3,2025-11-03 12:02:23.940827,350653.68,6300973.27
PC206,421,PFYG-41,8330,26,60,2025-11-03 12:02:23.940828,350653.68,6300973.27
PC206,421,PFVK-88,8855,28,60,2025-11-03 12:02:23.940829,350653.68,6300973.27
PC206,429c,SLPC-40,20087,63,60,2025-11-03 12:02:23.940830,350653.68,6300973.27
PC206,407,GCBD-11,1418,0,4,2025-11-03 12:02:23.940832,350653.68,6300973.27
PC206,407,GCBD-95,4566,12,16,2025-11-03 12:02:23.940833,350653.68,6300973.27
PC206,117,SPBL-88,326,0,3,2025-11-03 12:02:23.940834,350653.68,6300973.27
PC206,117,PGRZ-80,2219,5,9,2025-11-03 12:02:23.940834,350653.68,6300973.27
PC206,401,PDYR-98,4344,12,16,2025-11-03 12:02:23.940836,350653.68,6300973.27
PC206,401,PFTF-86,4678,13,17,2025-11-03 12:02:23.940836,350653.68,6300973.27
PJ270,502,BJFC-40,1354,0,4,2025-11-03 12:02:25.538715,339541.542,6300766.221
PJ270,502,BJFB-70,4730,13,17,2025-11-03 12:02:25.538720,339541.542,6300766.221
PJ270,J05,TBFP-72,4970,14,18,2025-11-03 12:02:25.538721,339541.542,6300766.221
PJ270,J05,TBFX-32,5946,17,21,2025-11-03 12:02:25.538722,339541.542,6300766.221
PJ270,542,TBFX-75,0,0,3,2025-11-03 12:02:25.538723,339541.542,6300766.221
PJ987,J07,VHZY-40,5079,14,18,2025-11-03 12:02:27.259391,338104.52,6298048.66
PJ987,J07,VHZY-10,6078,17,21,2025-11-03 12:02:27.259395,338104.52,6298048.66
PJ987,J07e,VHZZ-81,766,0,2,2025-11-03 12:02:27.259396,338104.52,6298048.66
PJ987,J07e,VHXJ-44,2757,7,11,2025-11-03 12:02:27.259396,338104.52,6298048.66
PJ987,J15c,GCBD-97,1922,4,8,2025-11-03 12:02:27.259397,338104.52,6298048.66
PJ987,J15c,FLXW-14,2323,5,9,2025-11-03 12:02:27.259398,338104.52,6298048.66
PJ987,511,TBFX-70,2130,5,9,2025-11-03 12:02:27.259399,338104.52,6298048.66
PJ987,511,TBFT-47,3445,9,13,2025-11-03 12:02:27.259400,338104.52,6298048.66
PI1157,I14,CJRW-18,255,0,3,2025-11-03 12:02:29.266972,340094.193,6292386.726
PI1157,I14,CJRB-47,1551,3,7,2025-11-03 12:02:29.266976,340094.193,6292386.726
PE201,E12,VFJT-26,9146,29,60,2025-11-03 12:02:31.033228,350088.27,6286971.116
PE201,286,SHCV-43,160,0,3,2025-11-03 12:02:31.033233,350088.27,6286971.116
PE201,286,SFPG-62,5820,16,20,2025-11-03 12:02:31.033235,350088.27,6286971.116
PE201,225,VFKV-80,398,0,3,2025-11-03 12:02:31.033237,350088.27,6286971.116
PE201,225,VJZL-72,1439,3,7,2025-11-03 12:02:31.033238,350088.27,6286971.116
PE201,E02,VKJY-26,2533,6,10,2025-11-03 12:02:31.033239,350088.27,6286971.116
PE201,E02,VKJZ-17,6420,18,22,2025-11-03 12:02:31.033240,350088.27,6286971.116
PD415,403,PFTW-46,330,0,3,2025-11-03 12:02:32.794614,355588.427,6297557.842
PD415,403,SKPK-22,1322,0,4,2025-11-03 12:02:32.794619,355588.427,6297557.842
PD415,D01,SPBP-91,3025,8,12,2025-11-03 12:02:32.794621,355588.427,6297557.842
PD415,D01,SVDD-92,3255,8,12,2025-11-03 12:02:32.794622,355588.427,6297557.842
PD415,D02,STKS-99,1537,3,7,2025-11-03 12:02:32.794624,355588.427,6297557.842
PD415,D02,SVDF-21,8689,27,60,2025-11-03 12:02:32.794625,355588.427,6297557.842
PD415,227,VFHT-73,2540,6,10,2025-11-03 12:02:32.794626,355588.427,6297557.842
PD415,227,VFPS-65,7057,20,24,2025-11-03 12:02:32.794627,355588.427,6297557.842
PD415,422,GCBF-20,1605,3,7,2025-11-03 12:02:32.794629,355588.427,6297557.842
PD415,422,GCBC-93,9633,30,60,2025-11-03 12:02:32.794630,355588.427,6297557.842
PD415,D15,SVDC-79,1475,3,7,2025-11-03 12:02:32.794632,355588.427,6297557.842
PD415,D15,STSK-91,4686,13,17,2025-11-03 12:02:32.794634,355588.427,6297557.842
PG410,214,GCBB-59,1542,3,7,2025-11-03 12:02:34.555476,344811.307,6290800.393
PG410,302,BJFW-33,2151,5,9,2025-11-03 12:02:34.555482,344811.307,6290800.393
PG410,302,BJFZ-28,3397,9,13,2025-11-03 12:02:34.555483,344811.307,6290800.393
PD502,D15,SVDC-79,5649,16,20,2025-11-03 12:02:36.409399,357607.773,6295588.823
PD502,D15,STSK-91,8861,28,60,2025-11-03 12:02:36.409404,357607.773,6295588.823
PD502,510,TBFW-78,688,0,2,2025-11-03 12:02:36.409405,357607.773,6295588.823
PD502,510,TBFX-44,5343,15,19,2025-11-03 12:02:36.409406,357607.773,6295588.823
PD502,513,VJBC-11,153,0,3,2025-11-03 12:02:36.409407,357607.773,6295588.823
PH23,108,PFVG-38,5215,14,18,2025-11-03 12:02:38.329928,349640.198,6291241.193
PH23,102,SPZX-66,0,0,3,2025-11-03 12:02:38.329934,349640.198,6291241.193
PH23,102,FLXS-40,4590,12,16,2025-11-03 12:02:38.329935,349640.198,6291241.193
PH23,212,GCBF-43,1108,0,3,2025-11-03 12:02:38.329936,349640.198,6291241.193
PH23,212,SFWB-16,1104,0,3,2025-11-03 12:02:38.329936,349640.198,6291241.193
PH23,103,SPBF-62,1456,3,7,2025-11-03 12:02:38.329937,349640.198,6291241.193
PH23,103,SPBF-25,4958,14,18,2025-11-03 12:02:38.329938,349640.198,6291241.193
PH23,107,PGPV-82,763,0,2,2025-11-03 12:02:38.329939,349640.198,6291241.193
PH23,107,PGTV-28,3089,8,12,2025-11-03 12:02:38.329940,349640.198,6291241.193
PH23,E04,VKJW-93,1325,0,4,2025-11-03 12:02:38.329941,349640.198,6291241.193
PH23,E04,VKJX-53,5174,14,18,2025-11-03 12:02:38.329941,349640.198,6291241.193
PB1942,B45,FLXD-85,194,0,3,2025-11-03 12:02:40.394466,339658.92,6307745.3
PB1942,B45,VHSX-95,1719,3,7,2025-11-03 12:02:40.394471,339658.92,6307745.3
PG1973,G16,SFGY-88,1422,0,4,2025-11-03 12:02:41.878730,348709.04,6281810.71
PJ1709,422,PFXC-45,246,0,3,2025-11-03 12:02:43.590334,336062.978,6298729.065
PJ1709,422,FLXV-65,659,0,2,2025-11-03 12:02:43.590338,336062.978,6298729.065
PJ370,503,VGVB-79,1573,3,7,2025-11-03 12:02:45.580260,336964.942,6297907.832
PJ370,503,VGVC-45,1893,4,8,2025-11-03 12:02:45.580265,336964.942,6297907.832
PJ370,J10,VJJX-58,1185,0,4,2025-11-03 12:02:45.580267,336964.942,6297907.832
PJ370,J10,VHXF-24,3282,8,12,2025-11-03 12:02:45.580268,336964.942,6297907.832
PI1906,I35,SCRZ-32,1130,0,4,2025-11-03 12:02:47.646366,332937.0,6285418.0
PI1906,I35,SCRZ-27,2937,7,11,2025-11-03 12:02:47.646370,332937.0,6285418.0
PD251,517,VJJV-68,205,0,3,2025-11-03 12:02:50.301049,356841.682,6297343.265
PD251,517,VJBC-10,7586,22,26,2025-11-03 12:02:50.301054,356841.682,6297343.265
PD251,412,LXWP-81,793,0,3,2025-11-03 12:02:50.301055,356841.682,6297343.265
PD251,412,PFVG-92,10642,34,60,2025-11-03 12:02:50.301056,356841.682,6297343.265
PD251,225,VFJP-53,2581,6,10,2025-11-03 12:02:50.301057,356841.682,6297343.265
PD251,225,VFJT-99,5814,16,20,2025-11-03 12:02:50.301058,356841.682,6297343.265
PD251,227,VFPD-81,769,0,2,2025-11-03 12:02:50.301059,356841.682,6297343.265
PD251,227,VFPJ-31,565,0,2,2025-11-03 12:02:50.301059,356841.682,6297343.265
PD174,712,SPZY-16,1668,3,7,2025-11-03 12:02:52.711151,353159.14,6293233.184
PD174,712,SJPC-42,6574,19,23,2025-11-03 12:02:52.711156,353159.14,6293233.184
PD174,D14,PGBY-64,2030,4,8,2025-11-03 12:02:52.711157,353159.14,6293233.184
PI503,419,PFTV-93,1935,4,8,2025-11-03 12:02:54.529045,335960.39,6292285.776
PI503,419,PFTF-89,5805,16,20,2025-11-03 12:02:54.529050,335960.39,6292285.776
PI503,I07,VHSX-93,2799,7,11,2025-11-03 12:02:54.529051,335960.39,6292285.776
PI503,I12,FLXY-19,2872,7,11,2025-11-03 12:02:54.529051,335960.39,6292285.776
PA160,116,LCPW-34,5985,17,21,2025-11-03 12:02:56.437437,346852.32,6299301.99
PA160,116,LCPW-33,6934,20,24,2025-11-03 12:02:56.437442,346852.32,6299301.99
PA160,B24,LDJV-48,2728,7,11,2025-11-03 12:02:56.437443,346852.32,6299301.99
PA160,B24,TXZH-36,5229,15,19,2025-11-03 12:02:56.437444,346852.32,6299301.99
PA160,402,SJPF-44,2754,7,11,2025-11-03 12:02:56.437445,346852.32,6299301.99
PA160,402,SKPL-28,4923,14,18,2025-11-03 12:02:56.437446,346852.32,6299301.99
PA160,404,PFTW-61,261,0,3,2025-11-03 12:02:56.437447,346852.32,6299301.99
PA160,404,PFYC-26,2373,5,9,2025-11-03 12:02:56.437448,346852.32,6299301.99
PA160,203,LXWT-88,266,0,3,2025-11-03 12:02:56.437449,346852.32,6299301.99
PA160,203,LZPW-16,478,0,2,2025-11-03 12:02:56.437450,346852.32,6299301.99
PA160,206,FLXW-78,926,0,3,2025-11-03 12:02:56.437451,346852.32,6299301.99
PA160,206,FLXY-49,1165,0,4,2025-11-03 12:02:56.437452,346852.32,6299301.99
PA160,208,LZPT-52,708,0,2,2025-11-03 12:02:56.437453,346852.32,6299301.99
PA160,208,LZPG-20,645,0,2,2025-11-03 12:02:56.437454,346852.32,6299301.99
PA160,226,VGKX-42,0,0,3,2025-11-03 12:02:56.437455,346852.32,6299301.99
PA160,226,VFPL-92,3690,10,14,2025-11-03 12:02:56.437456,346852.32,6299301.99
PE1386,F05,SPZY-67,3600,9,13,2025-11-03 12:02:58.150053,350133.047,6286085.702
PE1386,F05,SPZY-66,5394,15,19,2025-11-03 12:02:58.150058,350133.047,6286085.702
PE1386,E18,BJFV-84,2019,4,8,2025-11-03 12:02:58.150060,350133.047,6286085.702
PE1386,E11,VKJZ-74,1712,3,7,2025-11-03 12:02:58.150061,350133.047,6286085.702
PE1386,E11,VKJZ-27,4942,14,18,2025-11-03 12:02:58.150062,350133.047,6286085.702
PE1386,E16,VFKV-37,291,0,3,2025-11-03 12:02:58.150063,350133.047,6286085.702
PE1386,E16,VFKV-91,2549,6,10,2025-11-03 12:02:58.150063,350133.047,6286085.702
PE1386,286,SHCV-43,1081,0,3,2025-11-03 12:02:58.150064,350133.047,6286085.702
PE1386,286,SFPG-62,6591,19,23,2025-11-03 12:02:58.150065,350133.047,6286085.702
PJ668,J02,VHXD-57,458,0,3,2025-11-03 12:02:59.751826,339471.331,6298917.379
PJ668,J02,VHXJ-81,5905,17,21,2025-11-03 12:02:59.751831,339471.331,6298917.379
PJ668,J18,VJJX-28,1368,0,4,2025-11-03 12:02:59.751832,339471.331,6298917.379
PJ668,J18,VHZY-80,1490,3,7,2025-11-03 12:02:59.751833,339471.331,6298917.379
PJ668,412,PFYC-88,468,0,3,2025-11-03 12:02:59.751834,339471.331,6298917.379
PJ668,412,SJPD-42,440,0,3,2025-11-03 12:02:59.751834,339471.331,6298917.379
PF957,102,LCPG-41,7164,21,25,2025-11-03 12:03:01.422436,355583.642,6281520.159
PF957,102,SPZX-48,12996,41,60,2025-11-03 12:03:01.422442,355583.642,6281520.159
PF957,F20,SPZX-98,1770,4,8,2025-11-03 12:03:01.422443,355583.642,6281520.159
PF957,F20,LBTS-76,4985,14,18,2025-11-03 12:03:01.422444,355583.642,6281520.159
PF957,F26,SPVT-65,3370,9,13,2025-11-03 12:03:01.422445,355583.642,6281520.159
PF957,F26,SPVW-83,5811,16,20,2025-11-03 12:03:01.422446,355583.642,6281520.159
PI1321,101,PFVC-56,352,0,3,2025-11-03 12:03:04.990275,341014.119,6291571.187
PI1321,101,PGPT-57,4060,11,15,2025-11-03 12:03:04.990280,341014.119,6291571.187
PI1321,481,PFVC-50,4239,11,15,2025-11-03 12:03:04.990281,341014.119,6291571.187
PI1321,481,PGPT-58,5256,15,19,2025-11-03 12:03:04.990282,341014.119,6291571.187
PI1321,I04,FLXF-62,2036,4,8,2025-11-03 12:03:04.990283,341014.119,6291571.187
PI1321,I04,FLXF-58,5481,15,19,2025-11-03 12:03:04.990283,341014.119,6291571.187
PI1321,I26,PFYR-69,320,0,3,2025-11-03 12:03:04.990285,341014.119,6291571.187
PI1321,I26,PFYR-83,8829,28,60,2025-11-03 12:03:04.990285,341014.119,6291571.187
PE612,E09,VKJZ-75,2589,6,10,2025-11-03 12:03:06.970623,349808.442,6286519.772
PE612,E09,VKJX-59,6574,19,23,2025-11-03 12:03:06.970628,349808.442,6286519.772
PI1216,I16,FLXL-21,2397,6,10,2025-11-03 12:03:11.064912,342504.291,6294513.42
PI1216,I16,FLXL-69,2508,6,10,2025-11-03 12:03:11.064918,342504.291,6294513.42
PF222,F10,SRRW-90,334,0,3,2025-11-03 12:03:13.030767,352451.172,6279470.193
PF222,F10,SRPK-56,1255,0,4,2025-11-03 12:03:13.030772,352451.172,6279470.193
PF222,F03c,SHCY-65,2291,5,9,2025-11-03 12:03:13.030773,352451.172,6279470.193
PF222,F33,LBTS-82,2442,6,10,2025-11-03 12:03:13.030774,352451.172,6279470.193
PF222,F13,SRRW-61,0,0,3,2025-11-03 12:03:13.030775,352451.172,6279470.193
PF222,F13,SRRZ-45,2289,5,9,2025-11-03 12:03:13.030776,352451.172,6279470.193
PB996,B43,SJPC-85,451,0,3,2025-11-03 12:03:14.708689,340437.849,6307957.942
PB996,B43,SHXG-97,4420,12,16,2025-11-03 12:03:14.708694,340437.849,6307957.942
PA58,201,GCBB-36,1456,3,7,2025-11-03 12:03:16.720500,346561.48,6296082.89
PA58,201,GCBB-37,2288,5,9,2025-11-03 12:03:16.720504,346561.48,6296082.89
PA58,301,BJFW-98,1074,0,3,2025-11-03 12:03:16.720505,346561.48,6296082.89
PA58,301,BJFV-35,1590,3,7,2025-11-03 12:03:16.720506,346561.48,6296082.89
PA58,214,GCBB-85,1610,3,7,2025-11-03 12:03:16.720507,346561.48,6296082.89
PA58,214,FLXZ-98,1497,3,7,2025-11-03 12:03:16.720508,346561.48,6296082.89
PA58,226,VFPK-91,968,0,3,2025-11-03 12:03:16.720508,346561.48,6296082.89
PA58,226,VFPZ-92,1935,4,8,2025-11-03 12:03:16.720509,346561.48,6296082.89
PA58,229,VJKF-44,177,0,3,2025-11-03 12:03:16.720519,346561.48,6296082.89
PA58,229,SFWB-75,1593,3,7,2025-11-03 12:03:16.720520,346561.48,6296082.89
PA58,271,TBYY-71,0,0,3,2025-11-03 12:03:16.720520,346561.48,6296082.89
PA58,271,FLXP-13,1558,3,7,2025-11-03 12:03:16.720521,346561.48,6296082.89
PA58,223,SFPG-66,1315,0,4,2025-11-03 12:03:16.720522,346561.48,6296082.89
PA58,223,SCRZ-13,2268,5,9,2025-11-03 12:03:16.720523,346561.48,6296082.89
PJ885,514,GCBD-13,2306,5,9,2025-11-03 12:03:18.751093,339876.647,6297045.838
PJ885,514,FLXV-80,6675,19,23,2025-11-03 12:03:18.751098,339876.647,6297045.838
PJ885,412,PFTW-31,4150,11,15,2025-11-03 12:03:18.751099,339876.647,6297045.838
PJ885,412,PFTW-19,5080,14,18,2025-11-03 12:03:18.751100,339876.647,6297045.838
PA511,I01,FLXG-96,577,0,2,2025-11-03 12:03:20.819607,347658.68,6296232.27
PB295,C18,SHXF-20,740,0,2,2025-11-03 12:03:22.836727,347850.811,6306402.247
PB295,C18,SHCX-31,3602,9,13,2025-11-03 12:03:22.836732,347850.811,6306402.247
PB295,203N,VJYH-63,843,0,3,2025-11-03 12:03:22.836734,347850.811,6306402.247
PB295,208,SHXD-62,522,0,2,2025-11-03 12:03:22.836735,347850.811,6306402.247
PB295,208,SHCV-68,1075,0,3,2025-11-03 12:03:22.836735,347850.811,6306402.247
PH144,203,LZPT-74,648,0,2,2025-11-03 12:03:24.869761,347689.383,6292356.862
PH144,203,LXWT-91,1458,3,7,2025-11-03 12:03:24.869766,347689.383,6292356.862
PH144,206,FLXX-57,673,0,2,2025-11-03 12:03:24.869767,347689.383,6292356.862
PH144,206,FLXY-60,2356,5,9,2025-11-03 12:03:24.869768,347689.383,6292356.862
PF146,226,VFPS-56,727,0,2,2025-11-03 12:03:26.971317,354370.628,6283031.738
PF146,226,VFRF-75,6967,20,24,2025-11-03 12:03:26.971322,354370.628,6283031.738
PE668,E10,FLXK-75,1146,0,4,2025-11-03 12:03:29.024500,349578.649,6288580.633
PE668,E10,BJFV-20,2826,7,11,2025-11-03 12:03:29.024505,349578.649,6288580.633
PC1282,C37,SHXF-15,272,0,3,2025-11-03 12:03:31.313355,359626.2,6302162.84
PC1282,C37,SHXD-81,4887,13,17,2025-11-03 12:03:31.313361,359626.2,6302162.84
PG1908,G08v,FLXV-18,3421,9,13,2025-11-03 12:03:33.310096,343124.87,6279269.09
PG1908,G08v,FLXV-21,3481,9,13,2025-11-03 12:03:33.310101,343124.87,6279269.09
PJ836,J07e,VJBB-31,14135,45,60,2025-11-03 12:03:34.778302,328153.103,6303880.194
PJ836,J07e,VJBB-30,22760,72,60,2025-11-03 12:03:34.778308,328153.103,6303880.194
PC347,502,TBFT-31,1158,0,4,2025-11-03 12:03:36.820934,348002.718,6299329.52
PC347,502,TBFR-34,6493,19,23,2025-11-03 12:03:36.820948,348002.718,6299329.52
PC347,542,TBFX-21,1158,0,4,2025-11-03 12:03:36.820949,348002.718,6299329.52
PC347,542,TBFV-31,6937,20,24,2025-11-03 12:03:36.820950,348002.718,6299329.52
PC347,409,PGTV-18,0,0,3,2025-11-03 12:03:36.820951,348002.718,6299329.52
PC347,409,SKWD-35,814,0,3,2025-11-03 12:03:36.820952,348002.718,6299329.52
PG350,301,BJFS-41,4710,13,17,2025-11-03 12:03:38.875384,344777.57,6284673.85
PG350,301,BJFX-15,5122,14,18,2025-11-03 12:03:38.875389,344777.57,6284673.85
PG350,301c,BJFT-49,1735,3,7,2025-11-03 12:03:38.875390,344777.57,6284673.85
PD838,D05,SPBL-67,1095,0,3,2025-11-03 12:03:40.897885,349908.549,6295910.488
PD838,D05,SPBL-73,2285,5,9,2025-11-03 12:03:40.897890,349908.549,6295910.488
PI822,I03,FLXG-59,1703,3,7,2025-11-03 12:03:42.924272,338618.419,6292043.241
PI822,I03,FLXG-58,3393,9,13,2025-11-03 12:03:42.924278,338618.419,6292043.241
PD81,104,SKWD-20,4619,13,17,2025-11-03 12:03:44.841021,351294.82,6296394.63
PD81,114,LDJJ-87,342,0,3,2025-11-03 12:03:44.841027,351294.82,6296394.63
PD81,114,SKWD-16,3683,10,14,2025-11-03 12:03:44.841028,351294.82,6296394.63
PD81,325,VJXW-69,599,0,2,2025-11-03 12:03:44.841029,351294.82,6296394.63
PD81,325,VFJT-76,3499,9,13,2025-11-03 12:03:44.841030,351294.82,6296394.63
PH458,H24,VGRB-73,2527,6,10,2025-11-03 12:03:46.842723,348299.151,6292552.589
PH458,H24,VGRC-83,4928,14,18,2025-11-03 12:03:46.842728,348299.151,6292552.589
PE755,E13,VFJP-22,1243,0,4,2025-11-03 12:03:48.841993,351313.61,6288530.381
PB1330,B17,SHXG-99,269,0,3,2025-11-03 12:03:50.817563,344655.897,6301433.93
PB1330,B17,SHCY-44,615,0,2,2025-11-03 12:03:50.817568,344655.897,6301433.93
PH216,D14,PGBY-86,1497,3,7,2025-11-03 12:03:52.840102,350000.0,6291691.0
PH216,D14,PGBS-47,5416,15,19,2025-11-03 12:03:52.840107,350000.0,6291691.0
PH216,210,LZRD-74,210,0,3,2025-11-03 12:03:52.840109,350000.0,6291691.0
PH216,210,LZRD-84,494,0,2,2025-11-03 12:03:52.840110,350000.0,6291691.0
PH216,210v,VFPV-93,1952,4,8,2025-11-03 12:03:52.840111,350000.0,6291691.0
PH216,210v,VGBV-51,5632,16,20,2025-11-03 12:03:52.840112,350000.0,6291691.0
PH563,H05,VFPJ-66,1055,0,3,2025-11-03 12:03:54.917651,343370.769,6290463.522
PH563,H06,BJFS-91,3483,9,13,2025-11-03 12:03:54.917657,343370.769,6290463.522
PH563,H06,CJRB-13,4333,12,16,2025-11-03 12:03:54.917658,343370.769,6290463.522
PH136,201e,VFHT-55,938,0,3,2025-11-03 12:03:57.009711,345625.28,6293127.73
PH136,302,CJRW-60,630,0,2,2025-11-03 12:03:57.009716,345625.28,6293127.73
PH136,302,BJFX-67,5268,15,19,2025-11-03 12:03:57.009717,345625.28,6293127.73
PC1252,C14,SKPP-15,932,0,3,2025-11-03 12:03:59.003874,353967.22,6302640.16
PC1252,C14,SKPL-29,2161,5,9,2025-11-03 12:03:59.003879,353967.22,6302640.16
PC1253,C14,SKPH-80,586,0,2,2025-11-03 12:04:00.591471,354036.03,6302647.95
PC1253,C14,SKPL-25,2085,5,9,2025-11-03 12:04:00.591476,354036.03,6302647.95
PG1183,G13,SHCV-27,544,0,2,2025-11-03 12:04:02.311761,348108.24,6282649.798
PG1183,G13,SHXG-77,815,0,3,2025-11-03 12:04:02.311766,348108.24,6282649.798
PG1183,G23,SFWZ-53,3475,9,13,2025-11-03 12:04:02.311767,348108.24,6282649.798
PH273,302,BJFW-33,2020,4,8,2025-11-03 12:04:03.839925,344975.217,6291233.495
PH273,302,BJFZ-28,3544,9,13,2025-11-03 12:04:03.839930,344975.217,6291233.495
PC1229,C03,LWTK-55,1018,0,3,2025-11-03 12:04:05.374489,351715.93,6304131.412
PC1229,C03,LDTF-45,3131,8,12,2025-11-03 12:04:05.374494,351715.93,6304131.412
PG132,G23,SFWZ-53,2832,7,11,2025-11-03 12:04:07.417022,348911.101,6282615.817
PG132,F20,SPZY-70,1755,4,8,2025-11-03 12:04:07.417028,348911.101,6282615.817
PG132,F20,SPZX-74,4397,12,16,2025-11-03 12:04:07.417029,348911.101,6282615.817
PG132,205,LZRD-82,1154,0,4,2025-11-03 12:04:07.417030,348911.101,6282615.817
PG132,205,RWTR-11,3077,8,12,2025-11-03 12:04:07.417031,348911.101,6282615.817
PG132,G28,CJRB-41,122,0,3,2025-11-03 12:04:07.417032,348911.101,6282615.817
PG132,G28,BJFY-83,1215,0,4,2025-11-03 12:04:07.417033,348911.101,6282615.817
PA395,504,TBFT-32,1618,3,7,2025-11-03 12:04:09.458567,347262.4,6299117.31
PA395,504,GCBF-28,1557,3,7,2025-11-03 12:04:09.458572,347262.4,6299117.31
PA395,505,VHZZ-91,617,0,2,2025-11-03 12:04:09.458573,347262.4,6299117.31
PA395,505,VHXJ-50,1105,0,3,2025-11-03 12:04:09.458574,347262.4,6299117.31
PA395,508,LXWR-81,1619,3,7,2025-11-03 12:04:09.458575,347262.4,6299117.31
PA395,508,FLXX-44,4595,13,17,2025-11-03 12:04:09.458575,347262.4,6299117.31
PB979,722,STHK-70,0,0,3,2025-11-03 12:04:11.513274,345833.079,6304894.202
PB979,722,STHK-62,770,0,2,2025-11-03 12:04:11.513279,345833.079,6304894.202
PB979,B25,FLXS-52,1419,0,4,2025-11-03 12:04:11.513280,345833.079,6304894.202
PB979,B06,SPCG-35,1216,0,4,2025-11-03 12:04:11.513281,345833.079,6304894.202
PB979,B06,SKDJ-14,2655,6,10,2025-11-03 12:04:11.513282,345833.079,6304894.202
PI1507,I20,FLXL-70,3351,9,13,2025-11-03 12:04:13.339246,339042.961,6292439.379
PI1507,I20,FLXK-77,5404,15,19,2025-11-03 12:04:13.339251,339042.961,6292439.379
PJ152,406,FLXV-93,1194,0,4,2025-11-03 12:04:14.839865,338618.185,6298082.811
PJ152,406,TBFR-41,1487,3,7,2025-11-03 12:04:14.839870,338618.185,6298082.811
PJ152,407,TBFX-76,475,0,2,2025-11-03 12:04:14.839871,338618.185,6298082.811
PJ152,407,GCBD-86,1298,0,4,2025-11-03 12:04:14.839872,338618.185,6298082.811
PJ152,426,FLXK-81,475,0,2,2025-11-03 12:04:14.839873,338618.185,6298082.811
PJ152,426,FLXD-52,1194,0,4,2025-11-03 12:04:14.839873,338618.185,6298082.811
PJ152,422,PFXB-88,4553,12,16,2025-11-03 12:04:14.839874,338618.185,6298082.811
PJ152,422,PFXB-18,7999,23,27,2025-11-03 12:04:14.839875,338618.185,6298082.811
PJ152,402,PGWT-98,5797,16,20,2025-11-03 12:04:14.839876,338618.185,6298082.811
PJ152,402,PFVH-10,6096,17,21,2025-11-03 12:04:14.839877,338618.185,6298082.811
PJ152,511,TBFW-87,3911,10,14,2025-11-03 12:04:14.839877,338618.185,6298082.811
PJ152,511,PFXC-49,5257,15,19,2025-11-03 12:04:14.839878,338618.185,6298082.811
PJ152,J06,FLXZ-85,4225,11,15,2025-11-03 12:04:14.839879,338618.185,6298082.811
PA19,115,TBFW-77,233,0,3,2025-11-03 12:04:16.934543,346444.495,6295354.669
PA19,115,TBFP-92,7762,23,27,2025-11-03 12:04:16.934548,346444.495,6295354.669
PA19,113,FLXY-38,639,0,2,2025-11-03 12:04:16.934549,346444.495,6295354.669
PA19,113,FLXX-65,3490,9,13,2025-11-03 12:04:16.934550,346444.495,6295354.669
PA19,H07,CJRX-42,1673,3,7,2025-11-03 12:04:16.934550,346444.495,6295354.669
PA19,H07,CJRW-78,5052,14,18,2025-11-03 12:04:16.934552,346444.495,6295354.669
PA19,I01,FLXL-38,1921,4,8,2025-11-03 12:04:16.934553,346444.495,6295354.669
PA19,I01,FLXJ-14,5268,15,19,2025-11-03 12:04:16.934554,346444.495,6295354.669
PA19,511,TBFV-19,343,0,3,2025-11-03 12:04:16.934564,346444.495,6295354.669
PA19,511,TBFX-27,4433,12,16,2025-11-03 12:04:16.934565,346444.495,6295354.669
PD190,225,VJXW-84,2574,6,10,2025-11-03 12:04:19.000226,353308.207,6294467.23
PD190,225,VFJP-53,8307,26,60,2025-11-03 12:04:19.000230,353308.207,6294467.23
PD190,712,SHCX-32,3186,8,12,2025-11-03 12:04:19.000231,353308.207,6294467.23
PD190,712,SHCW-67,4972,14,18,2025-11-03 12:04:19.000232,353308.207,6294467.23
PI219,506v,TBFW-47,445,0,3,2025-11-03 12:04:21.047111,336739.381,6291938.616
PI219,506v,SZZY-76,960,0,3,2025-11-03 12:04:21.047116,336739.381,6291938.616
PI219,421,PFYH-10,3086,8,12,2025-11-03 12:04:21.047117,336739.381,6291938.616
PI219,421,PFBF-98,3429,9,13,2025-11-03 12:04:21.047118,336739.381,6291938.616
PI219,106,PFYR-61,793,0,3,2025-11-03 12:04:21.047119,336739.381,6291938.616
PI219,106,PFVD-28,1787,4,8,2025-11-03 12:04:21.047120,336739.381,6291938.616
PI219,401,PFYG-43,2319,5,9,2025-11-03 12:04:21.047121,336739.381,6291938.616
PI219,401,PFVL-12,3221,8,12,2025-11-03 12:04:21.047122,336739.381,6291938.616
PI219,506,GCBC-77,1298,0,4,2025-11-03 12:04:21.047123,336739.381,6291938.616
PI219,506,PFXB-32,1584,3,7,2025-11-03 12:04:21.047124,336739.381,6291938.616
PI219,405,PGBB-60,7511,22,26,2025-11-03 12:04:21.047126,336739.381,6291938.616
PI219,405,PFYG-48,7564,22,26,2025-11-03 12:04:21.047127,336739.381,6291938.616
PI219,110,LXWR-84,445,0,2,2025-11-03 12:04:21.047128,336739.381,6291938.616
PI219,110,LZPH-32,4398,19,23,2025-11-03 12:04:21.047129,336739.381,6291938.616
PI219,111,BJFT-29,1200,0,4,2025-11-03 12:04:21.047139,336739.381,6291938.616
PI219,111,BJFZ-39,2234,5,9,2025-11-03 12:04:21.047140,336739.381,6291938.616
PI219,I09,FLXY-94,0,0,3,2025-11-03 12:04:21.047141,336739.381,6291938.616
PI219,I09,VHSX-82,181,0,3,2025-11-03 12:04:21.047142,336739.381,6291938.616
PD805,513,VJJV-18,1727,3,7,2025-11-03 12:04:23.036919,354409.668,6297098.84
PD805,513,VJBC-11,6138,17,21,2025-11-03 12:04:23.036924,354409.668,6297098.84
PD805,D03,SVDF-41,1325,0,4,2025-11-03 12:04:23.036925,354409.668,6297098.84
PD805,D03,SVDC-19,2220,5,9,2025-11-03 12:04:23.036926,354409.668,6297098.84
PD805,D09,SVDC-89,1566,3,7,2025-11-03 12:04:23.036926,354409.668,6297098.84
PD805,D09,SPBF-24,4380,12,16,2025-11-03 12:04:23.036927,354409.668,6297098.84
PJ53,422,GCBF-16,1248,0,4,2025-11-03 12:04:26.095384,343738.695,6299111.878
PJ53,422,PFXC-14,5780,16,20,2025-11-03 12:04:26.095390,343738.695,6299111.878
PJ53,505,SRTK-34,5137,14,18,2025-11-03 12:04:26.095391,343738.695,6299111.878
PJ53,505,VHZZ-11,5137,14,18,2025-11-03 12:04:26.095392,343738.695,6299111.878
PJ53,508,FLXS-96,0,0,3,2025-11-03 12:04:26.095392,343738.695,6299111.878
PJ53,508,FLXJ-43,1800,4,8,2025-11-03 12:04:26.095393,343738.695,6299111.878
PJ53,B28,SKHG-14,1049,0,3,2025-11-03 12:04:26.095394,343738.695,6299111.878
PJ53,B28,STHF-13,2954,7,11,2025-11-03 12:04:26.095395,343738.695,6299111.878
PJ53,513,VHZX-30,959,0,3,2025-11-03 12:04:26.095396,343738.695,6299111.878
PJ53,513,VJJR-86,4718,13,17,2025-11-03 12:04:26.095405,343738.695,6299111.878
PJ53,109,FLXS-77,4328,14,18,2025-11-03 12:04:26.095406,343738.695,6299111.878
PJ53,109,FDJX-69,7914,50,60,2025-11-03 12:04:26.095407,343738.695,6299111.878
PJ53,406,GCBC-52,50,0,3,2025-11-03 12:04:26.095408,343738.695,6299111.878
PJ53,406,PFXB-25,1691,6,10,2025-11-03 12:04:26.095408,343738.695,6299111.878
PJ53,426,BJFH-69,3203,8,12,2025-11-03 12:04:26.095409,343738.695,6299111.878
PJ53,426,FLXG-26,9486,30,60,2025-11-03 12:04:26.095410,343738.695,6299111.878
PC352,C01c,PFZK-93,0,0,3,2025-11-03 12:04:28.132168,359168.709,6306502.93
PC352,C01c,PGTV-16,3763,10,14,2025-11-03 12:04:28.132172,359168.709,6306502.93
PC352,411,PGBY-78,291,0,3,2025-11-03 12:04:28.132173,359168.709,6306502.93
PC352,411,PGTT-84,3499,9,13,2025-11-03 12:04:28.132174,359168.709,6306502.93
PC352,C01,LDJJ-85,1330,0,4,2025-11-03 12:04:28.132175,359168.709,6306502.93
PC352,C01,LDJJ-64,3587,9,13,2025-11-03 12:04:28.132176,359168.709,6306502.93
PC352,C05,LDTB-91,402,0,3,2025-11-03 12:04:28.132177,359168.709,6306502.93
PC352,C05,LFGP-20,3221,8,12,2025-11-03 12:04:28.132177,359168.709,6306502.93
PC352,C13,SJPD-74,3468,9,13,2025-11-03 12:04:28.132178,359168.709,6306502.93
PC352,C13,SHXG-37,4381,12,16,2025-11-03 12:04:28.132179,359168.709,6306502.93
PC352,C19,LFGP-26,1536,3,7,2025-11-03 12:04:28.132180,359168.709,6306502.93
PC352,C19,SGPY-79,5089,14,18,2025-11-03 12:04:28.132181,359168.709,6306502.93
PC352,C28,SKPJ-89,1751,4,8,2025-11-03 12:04:28.132181,359168.709,6306502.93
PC352,C28,LDTF-47,7354,21,25,2025-11-03 12:04:28.132190,359168.709,6306502.93
PG105,203,LZPS-16,0,0,3,2025-11-03 12:04:30.271097,347249.429,6285805.255
PG105,203,LZPW-17,2254,5,9,2025-11-03 12:04:30.271102,347249.429,6285805.255
PG105,203c,VJKY-58,4943,14,18,2025-11-03 12:04:30.271104,347249.429,6285805.255
PG105,229,SFVZ-85,1746,4,8,2025-11-03 12:04:30.271105,347249.429,6285805.255
PD162,126,FLXT-36,378,0,3,2025-11-03 12:04:32.047498,350555.143,6296338.548
PD162,126,CJRB-10,864,0,3,2025-11-03 12:04:32.047503,350555.143,6296338.548
PD162,106,PGPT-37,778,0,2,2025-11-03 12:04:32.047505,350555.143,6296338.548
PD162,106,PFVC-52,7032,20,24,2025-11-03 12:04:32.047505,350555.143,6296338.548
PI1168,385,FLXG-13,4249,11,15,2025-11-03 12:04:33.818653,342725.991,6294677.977
PI1168,385,FLXL-82,5800,16,20,2025-11-03 12:04:33.818658,342725.991,6294677.977
PI1168,I16,FLXL-21,1897,4,8,2025-11-03 12:04:33.818659,342725.991,6294677.977
PI1168,I16,FLXL-69,2114,5,9,2025-11-03 12:04:33.818660,342725.991,6294677.977
PB1881,B04,SJPC-33,339,0,3,2025-11-03 12:04:35.907988,342636.857,6306792.782
PB1881,B04,SKPP-55,343,0,3,2025-11-03 12:04:35.907993,342636.857,6306792.782
PB1881,B26,FLXS-50,4164,11,15,2025-11-03 12:04:35.907994,342636.857,6306792.782
PB1881,B26,FLXP-82,5674,16,20,2025-11-03 12:04:35.907995,342636.857,6306792.782
PB1881,214,GCBB-67,3632,9,13,2025-11-03 12:04:35.907995,342636.857,6306792.782
PB1881,214,GCBB-30,4370,12,16,2025-11-03 12:04:35.907997,342636.857,6306792.782
PB1881,272,VFPC-80,8956,28,60,2025-11-03 12:04:35.907998,342636.857,6306792.782
PB1881,272,VFHV-87,13867,44,60,2025-11-03 12:04:35.907999,342636.857,6306792.782
PD177,286,SHXB-26,4059,11,15,2025-11-03 12:04:37.957380,353764.698,6296273.407
PD177,286,SHCV-46,6765,19,23,2025-11-03 12:04:37.957385,353764.698,6296273.407
PD177,712,SPZY-16,4421,12,16,2025-11-03 12:04:37.957386,353764.698,6296273.407
PD177,712,SHCW-80,9652,30,60,2025-11-03 12:04:37.957387,353764.698,6296273.407
PD177,D10,SVDD-87,1883,4,8,2025-11-03 12:04:37.957388,353764.698,6296273.407
PD177,D10,SVDD-95,3783,10,14,2025-11-03 12:04:37.957389,353764.698,6296273.407
PD177,216,LXWT-83,260,0,3,2025-11-03 12:04:37.957390,353764.698,6296273.407
PD177,216,LZPR-98,1019,0,3,2025-11-03 12:04:37.957390,353764.698,6296273.407
PD96,104,SKWD-25,0,0,3,2025-11-03 12:04:39.972537,351462.36,6295338.97
PD96,104,LDSV-96,1612,3,7,2025-11-03 12:04:39.972542,351462.36,6295338.97
PD96,212,LZPT-42,1076,0,3,2025-11-03 12:04:39.972543,351462.36,6295338.97
PD96,212,LZPW-10,1186,0,4,2025-11-03 12:04:39.972544,351462.36,6295338.97
PD96,224,VGKY-22,2088,5,9,2025-11-03 12:04:39.972545,351462.36,6295338.97
PD96,224,VFPS-78,6453,18,22,2025-11-03 12:04:39.972545,351462.36,6295338.97
PD96,126,BJFX-11,3863,10,14,2025-11-03 12:04:39.972546,351462.36,6295338.97
PD96,126,CJRB-17,7381,21,25,2025-11-03 12:04:39.972547,351462.36,6295338.97
PD96,106,PFVC-52,5494,15,19,2025-11-03 12:04:39.972548,351462.36,6295338.97
PI370,401,PFVL-12,1337,0,4,2025-11-03 12:04:42.010352,333364.507,6289429.231
PI370,401,PFBG-21,1337,0,4,2025-11-03 12:04:42.010357,333364.507,6289429.231
PI370,405,PFBG-26,4496,12,16,2025-11-03 12:04:42.010358,333364.507,6289429.231
PI370,405,PGBB-60,12998,41,60,2025-11-03 12:04:42.010359,333364.507,6289429.231
PI370,423,PFYS-21,414,0,3,2025-11-03 12:04:42.010361,333364.507,6289429.231
PI370,106,PGPT-51,728,0,2,2025-11-03 12:04:42.010362,333364.507,6289429.231
PI370,106,PFYS-90,938,0,3,2025-11-03 12:04:42.010362,333364.507,6289429.231
PG1056,G39,SHCV-39,3711,10,14,2025-11-03 12:04:44.269146,341600.912,6285027.629
PG1056,G39,SHCX-12,5082,14,18,2025-11-03 12:04:44.269151,341600.912,6285027.629
PG1056,G09,SFPF-90,3182,8,12,2025-11-03 12:04:44.269152,341600.912,6285027.629
PG1056,G09,SHXB-28,4105,11,15,2025-11-03 12:04:44.269153,341600.912,6285027.629
PA372,405,PDYS-16,2597,6,10,2025-11-03 12:04:46.323631,347783.835,6298925.956
PA372,405,PGBB-59,3428,9,13,2025-11-03 12:04:46.323637,347783.835,6298925.956
PA372,B27,FLXT-86,1558,3,7,2025-11-03 12:04:46.323638,347783.835,6298925.956
PA372,B27,FLXS-22,3036,8,12,2025-11-03 12:04:46.323639,347783.835,6298925.956
PA372,406,TBFR-43,4237,28,60,2025-11-03 12:04:46.323640,347783.835,6298925.956
PA372,406,GCBC-52,5682,38,60,2025-11-03 12:04:46.323641,347783.835,6298925.956
PA372,426,BJFC-46,2597,6,10,2025-11-03 12:04:46.323642,347783.835,6298925.956
PA372,426,BJFD-66,4659,13,17,2025-11-03 12:04:46.323643,347783.835,6298925.956
PJ721,J04,FLXD-35,1962,4,8,2025-11-03 12:04:48.297066,337520.852,6300360.786
PJ721,J04,GCBC-75,2982,7,11,2025-11-03 12:04:48.297071,337520.852,6300360.786
PG1924,G39,SFGY-15,3658,10,14,2025-11-03 12:04:50.357876,344725.35,6281434.63
PG1924,G39,SHCX-24,3658,10,14,2025-11-03 12:04:50.357880,344725.35,6281434.63
PG1924,G09,SDSW-69,2559,6,10,2025-11-03 12:04:50.357881,344725.35,6281434.63
PG1924,G09,SFPF-90,13022,41,60,2025-11-03 12:04:50.357882,344725.35,6281434.63
PG808,G07,THTF-59,4902,13,17,2025-11-03 12:04:52.387278,342126.75,6279311.348
PG808,G07,THTG-53,7396,21,25,2025-11-03 12:04:52.387283,342126.75,6279311.348
PG808,211,TBZB-16,1614,3,7,2025-11-03 12:04:52.387285,342126.75,6279311.348
PB1623,B12,SKDJ-88,1974,4,8,2025-11-03 12:04:54.400978,342846.492,6307186.522
PB1623,B12,SKDG-24,4510,12,16,2025-11-03 12:04:54.400984,342846.492,6307186.522
PB1623,B05,SPCG-46,2910,7,11,2025-11-03 12:04:54.400985,342846.492,6307186.522
PB1623,B05,SPCG-72,10729,34,60,2025-11-03 12:04:54.400986,342846.492,6307186.522
PB1623,B36,STHF-31,4764,13,17,2025-11-03 12:04:54.400987,342846.492,6307186.522
PB1623,B36,STHK-69,8306,26,60,2025-11-03 12:04:54.400988,342846.492,6307186.522
PB1623,445,SHCY-29,5024,14,18,2025-11-03 12:04:54.400989,342846.492,6307186.522
PB1623,445,SKPH-74,16098,51,60,2025-11-03 12:04:54.400990,342846.492,6307186.522
PB1623,214,GCBB-23,337,0,3,2025-11-03 12:04:54.400991,342846.492,6307186.522
PJ445,505,SRTK-48,1593,3,7,2025-11-03 12:04:56.377794,340087.146,6301587.843
PJ445,505,SRTK-28,3491,9,13,2025-11-03 12:04:56.377799,340087.146,6301587.843
PJ445,513,SRTK-38,1915,4,8,2025-11-03 12:04:56.377800,340087.146,6301587.843
PB699,B01,STHD-72,6191,18,22,2025-11-03 12:04:58.372675,341902.356,6304022.905
PB699,B01,LDJV-43,10741,34,60,2025-11-03 12:04:58.372680,341902.356,6304022.905
PB699,B17,SHXD-83,2829,7,11,2025-11-03 12:04:58.372681,341902.356,6304022.905
PB699,B17,SHCY-38,4217,11,15,2025-11-03 12:04:58.372682,341902.356,6304022.905
PI892,101,PFYR-78,1020,0,3,2025-11-03 12:05:00.423428,340407.102,6291415.157
PI892,481,PGPS-97,1257,0,4,2025-11-03 12:05:00.423434,340407.102,6291415.157
PI892,481,PGPT-31,5087,14,18,2025-11-03 12:05:00.423435,340407.102,6291415.157
PI892,I04,FLXD-91,385,0,3,2025-11-03 12:05:00.423436,340407.102,6291415.157
PI892,I04,FLXF-59,5169,14,18,2025-11-03 12:05:00.423437,340407.102,6291415.157
PI892,I14,BJFS-92,3513,9,13,2025-11-03 12:05:00.423438,340407.102,6291415.157
PI892,I14,CJRB-45,4833,13,17,2025-11-03 12:05:00.423439,340407.102,6291415.157
PI892,I26,PFYR-83,141,0,3,2025-11-03 12:05:00.423440,340407.102,6291415.157
PI892,I26,PFVC-46,4968,14,18,2025-11-03 12:05:00.423442,340407.102,6291415.157
PF622,F33,SPZY-68,4592,13,17,2025-11-03 12:05:02.456591,350576.213,6278703.713
PC183,401,PGBB-63,1725,3,7,2025-11-03 12:05:06.783842,352466.872,6301614.334
PC183,401,PFVL-21,6208,18,22,2025-11-03 12:05:06.783847,352466.872,6301614.334
PC183,421,PFYG-99,2400,6,10,2025-11-03 12:05:06.783848,352466.872,6301614.334
PC183,421,PDZS-94,7542,22,26,2025-11-03 12:05:06.783849,352466.872,6301614.334
PC183,430,SLPB-64,0,0,3,2025-11-03 12:05:06.783850,352466.872,6301614.334
PC183,430,SKPH-77,215,0,3,2025-11-03 12:05:06.783851,352466.872,6301614.334
PC183,406,TBFS-69,0,0,3,2025-11-03 12:05:06.783852,352466.872,6301614.334
PC183,406,GCBF-14,2911,7,11,2025-11-03 12:05:06.783852,352466.872,6301614.334
PC183,407,PFXC-23,1488,3,7,2025-11-03 12:05:06.783853,352466.872,6301614.334
PC183,407,TBFW-76,3426,9,13,2025-11-03 12:05:06.783854,352466.872,6301614.334
PC183,426,FDJX-81,1673,3,7,2025-11-03 12:05:06.783855,352466.872,6301614.334
PC183,426,BFKC-96,3424,9,13,2025-11-03 12:05:06.783856,352466.872,6301614.334
PG21,201,GCBB-83,2911,7,11,2025-11-03 12:05:08.465686,343296.805,6284143.206
PG21,201,GCBB-75,5997,17,21,2025-11-03 12:05:08.465691,343296.805,6284143.206
PG21,211,TBYY-55,1813,4,8,2025-11-03 12:05:08.465693,343296.805,6284143.206
PG21,211,TBYY-73,3218,8,12,2025-11-03 12:05:08.465694,343296.805,6284143.206
PG21,271,TBYY-69,2337,5,9,2025-11-03 12:05:08.465695,343296.805,6284143.206
PG21,271,TBYY-71,7012,20,24,2025-11-03 12:05:08.465696,343296.805,6284143.206
PG21,211c,THTD-40,636,0,2,2025-11-03 12:05:08.465696,343296.805,6284143.206
PG21,211c,THTH-26,2674,6,10,2025-11-03 12:05:08.465697,343296.805,6284143.206
PI436,421,PDZH-84,3724,10,14,2025-11-03 12:05:10.483260,333133.356,6289544.236
PI436,421,PFYH-10,11659,37,60,2025-11-03 12:05:10.483265,333133.356,6289544.236
PI436,423,PGPT-43,2045,4,8,2025-11-03 12:05:10.483266,333133.356,6289544.236
PI436,423,PFYR-73,5046,14,18,2025-11-03 12:05:10.483267,333133.356,6289544.236
PI436,108,PFYS-34,3285,8,12,2025-11-03 12:05:10.483268,333133.356,6289544.236
PI436,108,PFYR-93,3285,8,12,2025-11-03 12:05:10.483268,333133.356,6289544.236
PI436,106,PGPS-94,5292,15,19,2025-11-03 12:05:10.483269,333133.356,6289544.236
PI436,106,PFYR-61,7272,21,25,2025-11-03 12:05:10.483270,333133.356,6289544.236
PI436,401,PFVK-80,1035,0,3,2025-11-03 12:05:10.483271,333133.356,6289544.236
PI436,401,PFYG-43,8967,28,60,2025-11-03 12:05:10.483272,333133.356,6289544.236
PI436,405,PFBG-26,4748,13,17,2025-11-03 12:05:10.483273,333133.356,6289544.236
PI436,405,PGBB-60,13346,42,60,2025-11-03 12:05:10.483273,333133.356,6289544.236
PI436,419,PGBB-56,2903,7,11,2025-11-03 12:05:10.483274,333133.356,6289544.236
PI436,419,PFTV-93,13396,42,60,2025-11-03 12:05:10.483275,333133.356,6289544.236
PI1830,I25,FLXL-79,206,0,3,2025-11-03 12:05:12.476413,339128.23,6293021.97
PF313,F05,SPZY-66,1077,0,3,2025-11-03 12:05:14.551957,351663.814,6283565.181
PF313,F05,LBTS-86,2374,5,9,2025-11-03 12:05:14.551962,351663.814,6283565.181
